,Request Id,request_scheduling_delay,cdf
0,3,0.0,0.0005390835579514825
1,5,0.0,0.001078167115902965
3,2,0.0,0.0016172506738544475
5,1,0.0,0.00215633423180593
13,0,0.0,0.0026954177897574125
16,6,0.0,0.003234501347708895
20,21,0.0,0.0037735849056603774
21,24,0.0,0.00431266846361186
23,22,0.0,0.004851752021563342
32,33,0.0,0.005390835579514825
33,34,0.0,0.005929919137466307
36,36,0.0,0.00646900269541779
37,38,0.0,0.007008086253369272
48,40,0.0,0.007547169811320755
49,53,0.0,0.008086253369272238
52,37,0.0,0.00862533692722372
53,57,0.0,0.009164420485175202
57,61,0.0,0.009703504043126684
59,60,0.0,0.010242587601078167
60,65,0.0,0.01078167115902965
61,63,0.0,0.011320754716981131
64,64,0.0,0.011859838274932614
69,72,0.0,0.012398921832884097
74,77,0.0,0.01293800539083558
76,76,0.0,0.013477088948787063
77,83,0.0,0.014016172506738544
90,96,0.0,0.014555256064690027
92,97,0.0,0.01509433962264151
94,98,0.0,0.015633423180592992
95,100,0.0,0.016172506738544475
99,99,0.0,0.016711590296495958
101,102,0.0,0.01725067385444744
106,109,0.0,0.01778975741239892
107,110,0.0,0.018328840970350403
109,114,0.0,0.018867924528301886
115,120,0.0,0.01940700808625337
118,115,0.0,0.019946091644204852
124,127,0.0,0.020485175202156335
125,39,0.0,0.021024258760107817
126,128,0.0,0.0215633423180593
130,132,0.0,0.022102425876010783
132,133,0.0,0.022641509433962263
133,134,0.0,0.023180592991913745
141,138,0.0,0.02371967654986523
144,143,0.0,0.02425876010781671
164,164,0.0,0.024797843665768194
166,170,0.0,0.025336927223719677
168,150,0.0,0.02587601078167116
174,171,0.0,0.026415094339622643
177,174,0.0,0.026954177897574125
182,182,0.0,0.027493261455525605
184,183,0.0,0.028032345013477088
195,198,0.0,0.02857142857142857
197,199,0.0,0.029110512129380053
198,200,0.0,0.029649595687331536
199,201,0.0,0.03018867924528302
201,202,0.0,0.030727762803234502
204,203,0.0,0.031266846361185985
206,209,0.0,0.031805929919137464
207,211,0.0,0.03234501347708895
210,210,0.0,0.03288409703504043
211,214,0.0,0.033423180592991916
212,215,0.0,0.033962264150943396
213,217,0.0,0.03450134770889488
214,204,0.0,0.03504043126684636
215,216,0.0,0.03557951482479784
223,227,0.0,0.03611859838274933
227,229,0.0,0.036657681940700806
246,248,0.0,0.03719676549865229
251,255,0.0,0.03773584905660377
253,257,0.0,0.03827493261455526
254,256,0.0,0.03881401617250674
255,259,0.0,0.039353099730458224
256,260,0.0,0.039892183288409704
257,261,0.0,0.04043126684636118
258,262,0.0,0.04097035040431267
260,264,0.0,0.04150943396226415
261,265,0.0,0.042048517520215635
262,266,0.0,0.042587601078167114
263,268,0.0,0.0431266846361186
264,270,0.0,0.04366576819407008
265,267,0.0,0.044204851752021566
270,273,0.0,0.044743935309973046
281,285,0.0,0.045283018867924525
282,286,0.0,0.04582210242587601
288,287,0.0,0.04636118598382749
296,300,0.0,0.04690026954177898
297,301,0.0,0.04743935309973046
299,302,0.0,0.04797843665768194
306,309,0.0,0.04851752021563342
310,314,0.0,0.04905660377358491
311,311,0.0,0.04959568733153639
312,310,0.0,0.05013477088948787
313,315,0.0,0.050673854447439354
319,321,0.0,0.05121293800539083
320,320,0.0,0.05175202156334232
323,322,0.0,0.0522911051212938
324,323,0.0,0.052830188679245285
325,328,0.0,0.053369272237196765
326,327,0.0,0.05390835579514825
332,295,0.0,0.05444743935309973
334,330,0.0,0.05498652291105121
335,339,0.0,0.055525606469002696
336,338,0.0,0.056064690026954175
337,335,0.0,0.05660377358490566
339,332,0.0,0.05714285714285714
341,345,0.0,0.05768194070080863
344,346,0.0,0.05822102425876011
346,350,0.0,0.05876010781671159
349,352,0.0,0.05929919137466307
350,347,0.0,0.05983827493261455
351,353,0.0,0.06037735849056604
352,354,0.0,0.06091644204851752
354,356,0.0,0.061455525606469004
365,367,0.0,0.06199460916442048
367,371,0.0,0.06253369272237197
368,370,0.0,0.06307277628032346
370,369,0.0,0.06361185983827493
374,380,0.0,0.06415094339622641
385,388,0.0,0.0646900269541779
386,389,0.0,0.06522911051212937
387,390,0.0,0.06576819407008086
388,392,0.0,0.06630727762803235
393,391,0.0,0.06684636118598383
400,399,0.0,0.0673854447439353
406,411,0.0,0.06792452830188679
410,412,0.0,0.06846361185983828
418,410,0.0,0.06900269541778976
421,418,0.0,0.06954177897574124
427,433,0.0,0.07008086253369272
435,337,0.0,0.07061994609164421
437,441,0.0,0.07115902964959568
439,443,0.0,0.07169811320754717
440,442,0.0,0.07223719676549865
441,444,0.0,0.07277628032345014
442,445,0.0,0.07331536388140161
448,446,0.0,0.0738544474393531
449,452,0.0,0.07439353099730459
455,448,0.0,0.07493261455525606
458,457,0.0,0.07547169811320754
471,476,0.0,0.07601078167115903
480,484,0.0,0.07654986522911052
482,485,0.0,0.07708894878706199
505,486,0.0,0.07762803234501348
507,515,0.0,0.07816711590296496
511,516,0.0,0.07870619946091645
515,520,0.0,0.07924528301886792
520,523,0.0,0.07978436657681941
522,526,0.0,0.0803234501347709
528,527,0.0,0.08086253369272237
536,540,0.0,0.08140161725067385
537,542,0.0,0.08194070080862534
541,548,0.0,0.08247978436657682
542,541,0.0,0.0830188679245283
544,549,0.0,0.08355795148247978
547,546,0.0,0.08409703504043127
549,555,0.0,0.08463611859838274
557,558,0.0,0.08517520215633423
565,569,0.0,0.08571428571428572
566,570,0.0,0.0862533692722372
567,571,0.0,0.08679245283018867
568,568,0.0,0.08733153638814016
575,487,0.0,0.08787061994609165
576,577,0.0,0.08840970350404313
580,582,0.0,0.0889487870619946
586,586,0.0,0.08948787061994609
591,595,0.0,0.09002695417789758
593,596,0.0,0.09056603773584905
594,599,0.0,0.09110512129380054
598,603,0.0,0.09164420485175202
600,605,0.0,0.09218328840970351
605,607,0.0,0.09272237196765498
610,612,0.0,0.09326145552560647
614,618,0.0,0.09380053908355795
625,629,0.0,0.09433962264150944
628,631,0.0,0.09487870619946091
630,640,0.0,0.0954177897574124
632,642,0.0,0.09595687331536389
634,641,0.0,0.09649595687331536
641,644,0.0,0.09703504043126684
654,664,0.0,0.09757412398921833
657,667,0.0,0.09811320754716982
661,576,0.0,0.09865229110512129
663,666,0.0,0.09919137466307278
664,645,0.0,0.09973045822102426
665,671,0.0,0.10026954177897573
666,675,0.0,0.10080862533692722
668,672,0.0,0.10134770889487871
670,673,0.0,0.1018867924528302
676,677,0.0,0.10242587601078167
680,676,0.0,0.10296495956873315
685,678,0.0,0.10350404312668464
688,694,0.0,0.10404312668463613
692,697,0.0,0.1045822102425876
693,698,0.0,0.10512129380053908
697,701,0.0,0.10566037735849057
707,643,0.0,0.10619946091644204
710,693,0.0,0.10673854447439353
715,711,0.0,0.10727762803234502
717,715,0.0,0.1078167115902965
718,721,0.0,0.10835579514824797
720,722,0.0,0.10889487870619946
723,725,0.0,0.10943396226415095
728,724,0.0,0.10997304582210242
730,726,0.0,0.1105121293800539
732,736,0.0,0.11105121293800539
734,732,0.0,0.11159029649595688
735,735,0.0,0.11212938005390835
743,745,0.0,0.11266846361185984
746,746,0.0,0.11320754716981132
748,751,0.0,0.11374663072776281
750,752,0.0,0.11428571428571428
751,753,0.0,0.11482479784366577
752,754,0.0,0.11536388140161725
759,761,0.0,0.11590296495956873
763,755,0.0,0.11644204851752021
764,766,0.0,0.1169811320754717
767,765,0.0,0.11752021563342319
768,769,0.0,0.11805929919137466
769,770,0.0,0.11859838274932614
777,777,0.0,0.11913746630727763
782,785,0.0,0.1196765498652291
789,786,0.0,0.12021563342318059
790,792,0.0,0.12075471698113208
792,796,0.0,0.12129380053908356
796,797,0.0,0.12183288409703504
799,798,0.0,0.12237196765498652
803,803,0.0,0.12291105121293801
817,820,0.0,0.1234501347708895
818,816,0.0,0.12398921832884097
821,825,0.0,0.12452830188679245
825,824,0.0,0.12506738544474394
834,830,0.0,0.12560646900269543
835,841,0.0,0.1261455525606469
836,843,0.0,0.12668463611859837
837,839,0.0,0.12722371967654986
838,842,0.0,0.12776280323450134
843,848,0.0,0.12830188679245283
845,850,0.0,0.12884097035040432
851,857,0.0,0.1293800539083558
852,855,0.0,0.1299191374663073
854,856,0.0,0.13045822102425875
856,860,0.0,0.13099730458221023
861,861,0.0,0.13153638814016172
866,863,0.0,0.1320754716981132
879,874,0.0,0.1326145552560647
883,885,0.0,0.13315363881401618
897,901,0.0,0.13369272237196766
898,903,0.0,0.13423180592991915
899,902,0.0,0.1347708894878706
913,913,0.0,0.1353099730458221
918,914,0.0,0.13584905660377358
919,921,0.0,0.13638814016172507
924,926,0.0,0.13692722371967656
926,928,0.0,0.13746630727762804
935,935,0.0,0.13800539083557953
936,939,0.0,0.138544474393531
937,938,0.0,0.13908355795148247
938,941,0.0,0.13962264150943396
941,944,0.0,0.14016172506738545
942,946,0.0,0.14070080862533693
943,940,0.0,0.14123989218328842
948,951,0.0,0.1417789757412399
949,952,0.0,0.14231805929919136
950,950,0.0,0.14285714285714285
952,953,0.0,0.14339622641509434
953,957,0.0,0.14393530997304582
959,962,0.0,0.1444743935309973
960,963,0.0,0.1450134770889488
964,925,0.0,0.14555256064690028
965,969,0.0,0.14609164420485174
967,972,0.0,0.14663072776280323
971,973,0.0,0.1471698113207547
981,977,0.0,0.1477088948787062
983,986,0.0,0.14824797843665768
989,924,0.0,0.14878706199460917
992,995,0.0,0.14932614555256066
994,994,0.0,0.14986522911051212
995,998,0.0,0.1504043126684636
996,1000,0.0,0.1509433962264151
997,999,0.0,0.15148247978436657
1000,1003,0.0,0.15202156334231806
1002,1004,0.0,0.15256064690026955
1004,1005,0.0,0.15309973045822103
1046,1051,0.0,0.15363881401617252
1047,1052,0.0,0.15417789757412398
1048,960,0.0,0.15471698113207547
1050,1057,0.0,0.15525606469002695
1051,1054,0.0,0.15579514824797844
1060,1060,0.0,0.15633423180592992
1064,1070,0.0,0.1568733153638814
1067,1074,0.0,0.1574123989218329
1068,1069,0.0,0.15795148247978436
1070,1075,0.0,0.15849056603773584
1072,1077,0.0,0.15902964959568733
1080,1076,0.0,0.15956873315363881
1085,1092,0.0,0.1601078167115903
1090,988,0.0,0.1606469002695418
1105,1107,0.0,0.16118598382749327
1106,1108,0.0,0.16172506738544473
1113,1119,0.0,0.16226415094339622
1114,1115,0.0,0.1628032345013477
1118,1121,0.0,0.1633423180592992
1119,1123,0.0,0.16388140161725068
1120,1122,0.0,0.16442048517520216
1123,1126,0.0,0.16495956873315365
1128,1128,0.0,0.1654986522911051
1131,1027,0.0,0.1660377358490566
1133,1134,0.0,0.16657681940700808
1136,1145,0.0,0.16711590296495957
1176,1182,0.0,0.16765498652291105
1177,1181,0.0,0.16819407008086254
1180,1183,0.0,0.16873315363881403
1181,1188,0.0,0.16927223719676548
1183,1187,0.0,0.16981132075471697
1194,1197,0.0,0.17035040431266846
1196,1202,0.0,0.17088948787061994
1214,1224,0.0,0.17142857142857143
1222,1231,0.0,0.17196765498652292
1223,1109,0.0,0.1725067385444744
1226,1230,0.0,0.1730458221024259
1241,1252,0.0,0.17358490566037735
1243,1248,0.0,0.17412398921832883
1254,1254,0.0,0.17466307277628032
1259,1270,0.0,0.1752021563342318
1279,1286,0.0,0.1757412398921833
1281,1287,0.0,0.17628032345013478
1282,1288,0.0,0.17681940700808627
1285,1292,0.0,0.17735849056603772
1293,1296,0.0,0.1778975741239892
1294,1300,0.0,0.1784366576819407
1298,1303,0.0,0.17897574123989218
1307,1312,0.0,0.17951482479784367
1310,1313,0.0,0.18005390835579516
1311,1317,0.0,0.18059299191374664
1314,1319,0.0,0.1811320754716981
1319,1324,0.0,0.1816711590296496
1322,1321,0.0,0.18221024258760107
1324,1320,0.0,0.18274932614555256
1328,1330,0.0,0.18328840970350405
1337,1331,0.0,0.18382749326145553
1342,1344,0.0,0.18436657681940702
1351,1352,0.0,0.18490566037735848
1354,1355,0.0,0.18544474393530996
1355,1354,0.0,0.18598382749326145
1357,1361,0.0,0.18652291105121294
1361,1359,0.0,0.18706199460916442
1362,1358,0.0,0.1876010781671159
1363,1364,0.0,0.1881401617250674
1367,1366,0.0,0.18867924528301888
1372,1370,0.0,0.18921832884097034
1374,1369,0.0,0.18975741239892183
1375,1377,0.0,0.1902964959568733
1376,1378,0.0,0.1908355795148248
1380,1381,0.0,0.19137466307277629
1381,1382,0.0,0.19191374663072777
1382,1384,0.0,0.19245283018867926
1383,1383,0.0,0.19299191374663072
1393,1388,0.0,0.1935309973045822
1399,1395,0.0,0.1940700808625337
1404,1406,0.0,0.19460916442048518
1410,1403,0.0,0.19514824797843666
1415,1396,0.0,0.19568733153638815
1418,1419,0.0,0.19622641509433963
1419,1418,0.0,0.1967654986522911
1422,1422,0.0,0.19730458221024258
1424,1427,0.0,0.19784366576819407
1426,1428,0.0,0.19838274932614555
1428,1423,0.0,0.19892183288409704
1434,1432,0.0,0.19946091644204852
1437,1435,0.0,0.2
1438,1439,0.0,0.20053908355795147
1439,1440,0.0,0.20107816711590296
1441,1443,0.0,0.20161725067385444
1451,1453,0.0,0.20215633423180593
1452,1445,0.0,0.20269541778975741
1454,1456,0.0,0.2032345013477089
1456,1458,0.0,0.2037735849056604
1458,1455,0.0,0.20431266846361185
1464,1466,0.0,0.20485175202156333
1465,1467,0.0,0.20539083557951482
1467,1468,0.0,0.2059299191374663
1469,1471,0.0,0.2064690026954178
1470,1472,0.0,0.20700808625336928
1471,1470,0.0,0.20754716981132076
1472,1474,0.0,0.20808625336927225
1473,1473,0.0,0.2086253369272237
1478,1479,0.0,0.2091644204851752
1481,1480,0.0,0.20970350404312668
1485,1481,0.0,0.21024258760107817
1486,1488,0.0,0.21078167115902965
1490,1490,0.0,0.21132075471698114
1491,1492,0.0,0.21185983827493263
1495,1494,0.0,0.21239892183288409
1498,1495,0.0,0.21293800539083557
1500,1501,0.0,0.21347708894878706
1504,1502,0.0,0.21401617250673854
1508,1512,0.0,0.21455525606469003
1524,1529,0.0,0.21509433962264152
1526,1530,0.0,0.215633423180593
1530,1531,0.0,0.21617250673854446
1531,1534,0.0,0.21671159029649595
1532,1441,0.0,0.21725067385444743
1536,1540,0.0,0.21778975741239892
1537,1537,0.0,0.2183288409703504
1543,1546,0.0,0.2188679245283019
1544,1547,0.0,0.21940700808625338
1546,1550,0.0,0.21994609164420484
1547,1548,0.0,0.22048517520215632
1553,1487,0.0,0.2210242587601078
1554,1549,0.0,0.2215633423180593
1565,1568,0.0,0.22210242587601078
1569,1570,0.0,0.22264150943396227
1570,1573,0.0,0.22318059299191376
1571,1572,0.0,0.22371967654986524
1573,1571,0.0,0.2242587601078167
1574,1576,0.0,0.2247978436657682
1576,1566,0.0,0.22533692722371967
1578,1579,0.0,0.22587601078167116
1580,1581,0.0,0.22641509433962265
1581,1580,0.0,0.22695417789757413
1582,1582,0.0,0.22749326145552562
1591,1590,0.0,0.22803234501347708
1595,1593,0.0,0.22857142857142856
1613,1613,0.0,0.22911051212938005
1614,1615,0.0,0.22964959568733154
1618,1621,0.0,0.23018867924528302
1621,1622,0.0,0.2307277628032345
1622,1623,0.0,0.231266846361186
1626,1631,0.0,0.23180592991913745
1629,1633,0.0,0.23234501347708894
1630,1634,0.0,0.23288409703504043
1646,1637,0.0,0.2334231805929919
1647,1652,0.0,0.2339622641509434
1658,1660,0.0,0.23450134770889489
1659,1647,0.0,0.23504043126684637
1662,1666,0.0,0.23557951482479783
1663,1589,0.0,0.23611859838274932
1666,1669,0.0,0.2366576819407008
1667,1577,0.0,0.2371967654986523
1668,1668,0.0,0.23773584905660378
1670,1672,0.0,0.23827493261455526
1671,1673,0.0,0.23881401617250675
1676,1671,0.0,0.2393530997304582
1681,1683,0.0,0.2398921832884097
1684,1686,0.0,0.24043126684636118
1685,1688,0.0,0.24097035040431267
1687,1690,0.0,0.24150943396226415
1691,1691,0.0,0.24204851752021564
1704,1705,0.0,0.24258760107816713
1706,1706,0.0,0.2431266846361186
1713,1716,0.0,0.24366576819407007
1717,1717,0.0,0.24420485175202156
1719,1723,0.0,0.24474393530997304
1721,1724,0.0,0.24528301886792453
1726,1731,0.0,0.24582210242587602
1727,1732,0.0,0.2463611859838275
1730,1725,0.0,0.246900269541779
1740,1743,0.0,0.24743935309973045
1741,1744,0.0,0.24797843665768193
1743,1745,0.0,0.24851752021563342
1748,1746,0.0,0.2490566037735849
1755,1747,0.0,0.2495956873315364
1757,1758,0.0,0.2501347708894879
1764,1767,0.0,0.25067385444743934
1772,1775,0.0,0.25121293800539085
1777,1776,0.0,0.2517520215633423
1778,1780,0.0,0.2522911051212938
1779,1781,0.0,0.2528301886792453
1780,1783,0.0,0.25336927223719674
1781,1782,0.0,0.25390835579514826
1783,1784,0.0,0.2544474393530997
1789,1793,0.0,0.2549865229110512
1804,1810,0.0,0.2555256064690027
1806,1811,0.0,0.2560646900269542
1807,1809,0.0,0.25660377358490566
1808,1812,0.0,0.2571428571428571
1809,1813,0.0,0.25768194070080863
1810,1815,0.0,0.2582210242587601
1813,1818,0.0,0.2587601078167116
1816,1814,0.0,0.25929919137466306
1817,1823,0.0,0.2598382749326146
1821,1824,0.0,0.26037735849056604
1822,1827,0.0,0.2609164420485175
1823,1826,0.0,0.261455525606469
1824,1751,0.0,0.26199460916442047
1825,1825,0.0,0.262533692722372
1826,1828,0.0,0.26307277628032344
1828,1829,0.0,0.26361185983827495
1829,1830,0.0,0.2641509433962264
1831,1832,0.0,0.26469002695417787
1832,1834,0.0,0.2652291105121294
1833,1833,0.0,0.26576819407008084
1838,1839,0.0,0.26630727762803236
1839,1840,0.0,0.2668463611859838
1840,1835,0.0,0.26738544474393533
1841,1843,0.0,0.2679245283018868
1842,1842,0.0,0.2684636118598383
1844,1846,0.0,0.26900269541778976
1845,1845,0.0,0.2695417789757412
1849,1841,0.0,0.27008086253369273
1851,1844,0.0,0.2706199460916442
364,368,1.6428117532996112e-06,0.2711590296495957
519,521,5.046621936344309e-06,0.27169811320754716
999,1001,8.191270694624109e-06,0.2722371967654987
67,71,1.4216943768019519e-05,0.27277628032345014
1019,1023,1.7441592831346497e-05,0.2733153638814016
564,567,1.9718191765605297e-05,0.2738544474393531
228,238,2.213300163589338e-05,0.27439353099730457
975,979,2.2645680928690126e-05,0.2749326145552561
1207,1214,2.4645705252623884e-05,0.27547169811320754
68,74,2.6442549440730545e-05,0.27601078167115906
1612,1617,3.264038127781532e-05,0.2765498652291105
807,807,3.495255771213124e-05,0.277088948787062
232,240,3.6845986471689685e-05,0.2776280323450135
1190,1164,7.251042916323058e-05,0.27816711590296495
1558,1559,7.319191217902699e-05,0.27870619946091646
1130,1135,8.305478468173533e-05,0.2792452830188679
754,750,8.425175417414721e-05,0.27978436657681943
293,294,8.610426590394127e-05,0.2803234501347709
1343,1348,8.851083202898735e-05,0.28086253369272235
1125,1130,9.245420619663491e-05,0.28140161725067386
1250,1255,9.286572594646714e-05,0.2819407008086253
1555,1555,9.422897551303322e-05,0.28247978436657684
1675,1681,9.704281546873972e-05,0.2830188679245283
1802,1808,9.80756603894406e-05,0.2835579514824798
1597,1600,0.00010014270469582698,0.28409703504043127
1606,1606,0.0001014480835692666,0.2846361185983827
540,547,0.00010502610848561744,0.28517520215633424
1192,1195,0.00010522388561184925,0.2857142857142857
463,464,0.00010604533508740133,0.2862533692722372
436,437,0.00011684774597142678,0.28679245283018867
1013,1008,0.00014154414463973808,0.2873315363881402
930,931,0.0001438334478507386,0.28787061994609164
644,655,0.00015453608875759528,0.2884097035040431
636,545,0.00015992950750387536,0.2889487870619946
98,105,0.00016285393523673974,0.2894878706199461
815,821,0.00016929459411585412,0.2900269541778976
1015,1019,0.0001892949934472199,0.29056603773584905
1484,1476,0.00019234915885135706,0.29110512129380056
617,625,0.00019400516362111375,0.291644204851752
1265,1277,0.00019806137242994737,0.2921832884097035
1620,1618,0.00020326349476817995,0.292722371967655
672,680,0.00020418529788912565,0.29326145552560645
1518,1515,0.00020574458767441683,0.29380053908355797
1172,1167,0.00022421288304030895,0.2943396226415094
922,917,0.00022485912256797747,0.29487870619946094
1493,1499,0.000236924575347075,0.2954177897574124
1075,1087,0.00024327733217432979,0.29595687331536386
457,467,0.0002501672029779911,0.29649595687331537
831,838,0.00025254751790271257,0.29703504043126683
760,757,0.0002556982673240782,0.29757412398921834
1444,1447,0.0002566383195699018,0.2981132075471698
409,408,0.0002569354578554339,0.2986522911051213
1278,1285,0.0002611071427054412,0.2991913746630728
1174,1178,0.000261397691701859,0.29973045822102423
1360,1363,0.0002775115351596469,0.30026954177897575
909,828,0.000294883774245136,0.3008086253369272
914,846,0.00029749460577477294,0.3013477088948787
553,560,0.0003049989771852779,0.3018867924528302
1108,1112,0.00030939366956772574,0.3024258760107817
1124,1127,0.00031211091186378326,0.30296495956873315
888,897,0.0003122697182789125,0.3035040431266846
452,456,0.0003160816290801449,0.3040431266846361
1249,1257,0.00032012070278142346,0.3045822102425876
739,739,0.000321594949127757,0.3051212938005391
1277,1282,0.0003233912530049565,0.30566037735849055
814,810,0.0003285720464418773,0.30619946091644207
1195,1198,0.0003471582024303643,0.3067385444743935
1711,1713,0.0003483199432139372,0.30727762803234504
1169,1179,0.0003540052648531855,0.3078167115902965
577,578,0.0003641877041218322,0.30835579514824796
1017,1017,0.00037011848917245516,0.30889487870619947
1416,1421,0.00038891928488737904,0.30943396226415093
1756,1760,0.00039172543597487675,0.30997304582210244
1534,1536,0.00039333477957370633,0.3105121293800539
848,854,0.0003938453767204919,0.3110512129380054
1189,1191,0.00039509280259153456,0.3115902964959569
1575,1578,0.00039657870183873456,0.31212938005390833
957,961,0.00040775880063392833,0.31266846361185985
55,55,0.0004114155495003047,0.3132075471698113
231,236,0.0004164775419042144,0.3137466307277628
798,799,0.0004173406701966087,0.3142857142857143
1699,1703,0.00041751196658879053,0.3148247978436658
1854,1855,0.00043832180244862684,0.31536388140161725
1126,1132,0.0004459995291199448,0.3159029649595687
1193,1200,0.000457983569276621,0.3164420485175202
1739,1736,0.0004634775104932487,0.3169811320754717
1034,1040,0.00046474210773794766,0.3175202156334232
1340,1339,0.0004669681741233944,0.31805929919137466
1460,1465,0.00046853157641635335,0.31859838274932617
828,831,0.0004785645330684929,0.31913746630727763
1729,1734,0.00048166257988668804,0.3196765498652291
371,378,0.0004885216328034403,0.3202156334231806
771,774,0.0004910198587140258,0.32075471698113206
758,762,0.0004934453785381265,0.3212938005390836
1462,1461,0.0004975412391559075,0.32183288409703503
794,795,0.0004981261267857917,0.32237196765498655
18,19,0.0005107219746971481,0.322911051212938
1198,1203,0.0005137716532317427,0.32345013477088946
1631,1632,0.0005151565846972517,0.323989218328841
934,937,0.0005163114641391076,0.32452830188679244
712,713,0.0005187170291947041,0.32506738544474395
209,212,0.0005211516968586238,0.3256064690026954
317,317,0.0005352136393526052,0.3261455525606469
1638,1651,0.0005514218353255274,0.3266846361185984
1045,1048,0.0005515530292541371,0.32722371967654984
1240,1228,0.0005596321755092504,0.32776280323450135
1773,1778,0.0005695769689282315,0.3283018867924528
1693,1700,0.0005729074587179639,0.3288409703504043
832,835,0.0005815375242264054,0.3293800539083558
713,712,0.0005863041418479042,0.3299191374663073
1567,1567,0.0005893904731237853,0.33045822102425876
238,243,0.0005941276935743645,0.3309973045822102
72,82,0.0006002640061666398,0.33153638814016173
1774,1772,0.0006091918612582958,0.3320754716981132
135,137,0.0006106254808173617,0.3326145552560647
618,628,0.0006343211961166162,0.33315363881401616
307,308,0.0006373557432652888,0.3336927223719677
1305,1307,0.0006461795005634485,0.33423180592991913
1094,1096,0.000666060845105676,0.3347708894878706
1723,1727,0.0006735773918080667,0.3353099730458221
833,836,0.0006840865647745886,0.33584905660377357
783,783,0.000688777590880818,0.3363881401617251
1505,1509,0.000702819898378948,0.33692722371967654
1718,1719,0.0007117825348359474,0.33746630727762805
842,849,0.0007158189802112247,0.3380053908355795
322,325,0.0007224245788961525,0.33854447439353097
774,776,0.0007253997773659648,0.3390835579514825
1720,1720,0.0007343482132000645,0.33962264150943394
906,906,0.0007386657114238915,0.34016172506738546
289,292,0.0007386929466974834,0.3407008086253369
356,360,0.0007463812895025512,0.34123989218328843
186,192,0.0007641820752155581,0.3417789757412399
1103,1105,0.0007678644915358745,0.3423180592991914
552,554,0.0007704806185984125,0.34285714285714286
361,363,0.0007938433863046157,0.3433962264150943
1599,1594,0.0007996614021976711,0.34393530997304583
1482,1483,0.0008124783412313263,0.3444743935309973
305,303,0.0008216364318514024,0.3450134770889488
390,394,0.0008280483179987641,0.34555256064690026
1432,1433,0.0008349761048975779,0.3460916442048518
725,730,0.0008461738220830739,0.34663072776280324
521,525,0.0008489514488019267,0.3471698113207547
1562,1561,0.0008519172968135535,0.3477088948787062
893,898,0.0008640626070928192,0.34824797843665767
986,989,0.0008692188855548011,0.3487870619946092
502,488,0.0008814832910388759,0.34932614555256064
956,958,0.0008849780679156538,0.34986522911051215
745,749,0.0008948669672008691,0.3504043126684636
574,581,0.0008987163488427541,0.35094339622641507
1600,1602,0.0009012834366330935,0.3514824797843666
1188,1196,0.0009043350059982913,0.35202156334231804
1514,1518,0.0009056956930635351,0.35256064690026956
1163,1168,0.0009113391490700451,0.353099730458221
863,870,0.0009186372467411275,0.35363881401617253
380,372,0.0009192388316705546,0.354177897574124
912,915,0.0009259138437300862,0.35471698113207545
373,376,0.0009267530687111503,0.35525606469002696
415,426,0.000927949423555674,0.3557951482479784
1800,1807,0.0009366998203859112,0.35633423180592994
1073,1078,0.0009394958524353569,0.3568733153638814
1161,1151,0.0009429261292552837,0.3574123989218329
1466,1462,0.0009454957544221543,0.35795148247978437
923,920,0.0009505339523911971,0.3584905660377358
128,129,0.0009505431776659634,0.35902964959568734
1710,1709,0.000965202319321179,0.3595687331536388
217,222,0.0009777229371366047,0.3601078167115903
1539,1541,0.0009780937600680772,0.36064690026954177
1494,1498,0.000983212275968981,0.3611859838274933
776,741,0.000984622878945629,0.36172506738544474
822,823,0.000984782984460253,0.3622641509433962
1234,1232,0.0009865188098956423,0.3628032345013477
882,890,0.0009870837292282886,0.3633423180592992
1502,1507,0.0009938410146332899,0.3638814016172507
1520,1524,0.0010000016329740902,0.36442048517520215
1349,1334,0.0010010936798607872,0.36495956873315366
1440,1438,0.0010068360850254976,0.3654986522911051
391,398,0.001010327101596431,0.3660377358490566
1414,1404,0.0010150386492568941,0.3665768194070081
910,910,0.0010158686421846141,0.36711590296495955
1368,1371,0.0010218892250577483,0.36765498652291106
275,280,0.0010244071393117338,0.3681940700808625
1203,1206,0.0010265708604038082,0.36873315363881404
788,788,0.0010393240575012896,0.3692722371967655
648,652,0.0010450302086155716,0.36981132075471695
1386,1391,0.0010461908780143858,0.37035040431266847
917,918,0.0010465596363928853,0.3708894878706199
1701,1701,0.0010558821388713113,0.37142857142857144
375,373,0.0010563455448391323,0.3719676549865229
887,887,0.0010603042335333157,0.3725067385444744
481,483,0.001065278097769351,0.3730458221024259
1712,1714,0.001073911050980314,0.37358490566037733
820,822,0.0010776674259886931,0.37412398921832885
100,103,0.0010777312105432202,0.3746630727762803
1261,1265,0.0010807964381456259,0.3752021563342318
222,226,0.0010907067167238438,0.3757412398921833
1062,1068,0.0010958359823689534,0.3762803234501348
775,778,0.0011079777768827626,0.37681940700808625
360,365,0.0011261191435210094,0.37735849056603776
1306,1306,0.0011402276877561235,0.3778975741239892
280,282,0.0011427932391256945,0.3784366576819407
592,601,0.001151871143747485,0.3789757412398922
901,892,0.001157054697273452,0.37951482479784365
801,809,0.0011590251457391787,0.38005390835579517
503,505,0.0011640415165743434,0.3805929919137466
1423,1425,0.0011641435353340057,0.38113207547169814
1216,1225,0.0011676231556521088,0.3816711590296496
1141,1124,0.0011679468782404001,0.38221024258760106
689,695,0.001168492183410308,0.38274932614555257
1053,1059,0.001171241292013292,0.38328840970350403
1760,1762,0.001173367224055255,0.38382749326145554
824,829,0.0011755900576417844,0.384366576819407
1443,1444,0.0011854156168737973,0.3849056603773585
800,802,0.0011907135526598722,0.38544474393531
58,62,0.0011928372320397784,0.38598382749326143
724,707,0.0011938609004573664,0.38652291105121295
696,700,0.001194944229155226,0.3870619946091644
708,590,0.0011965939442006857,0.3876010781671159
638,649,0.0011971212443313561,0.3881401617250674
1523,1522,0.001204455402557869,0.3886792452830189
840,845,0.0012056200341703516,0.38921832884097035
619,617,0.0012065005379326976,0.3897574123989218
169,173,0.0012070492459486104,0.3902964959568733
51,54,0.0012092963417842384,0.3908355795148248
1596,1603,0.0012099547591333248,0.3913746630727763
749,747,0.0012116693566213144,0.39191374663072776
10,17,0.0012156038800910096,0.39245283018867927
780,780,0.001225027907707954,0.3929919137466307
389,393,0.0012340704311100126,0.3935309973045822
1830,1785,0.0012367797546630754,0.3940700808625337
382,381,0.0012408627144395723,0.39460916442048516
737,740,0.001242963018626142,0.3951482479784367
294,299,0.0012432793013772425,0.39568733153638813
1476,1475,0.0012545821039111615,0.39622641509433965
571,573,0.0012634142690330918,0.3967654986522911
4,4,0.0012735597185602465,0.39730458221024256
137,141,0.0012756832925049366,0.3978436657681941
858,782,0.001276179105616393,0.39838274932614554
1018,1022,0.0012792312459168897,0.39892183288409705
1093,1098,0.0012797677861726697,0.3994609164420485
444,447,0.001285341349216651,0.4
643,648,0.0012875929539859499,0.4005390835579515
946,949,0.0012964159910779927,0.40107816711590294
220,220,0.0013023062342654157,0.40161725067385445
1535,1539,0.0013177709363390022,0.4021563342318059
1289,1298,0.0013193627701184596,0.4026954177897574
79,50,0.001343851400278595,0.4032345013477089
1660,1661,0.001346732333786349,0.4037735849056604
1040,1043,0.0013503126755267658,0.40431266846361186
464,451,0.0013529123278317456,0.4048517520215633
1057,1067,0.0013537200240989478,0.40539083557951483
1212,1221,0.0013552869602335704,0.4059299191374663
716,714,0.0013601620357803768,0.4064690026954178
1217,1226,0.0013602948963580275,0.40700808625336926
1653,1611,0.0013704607413274061,0.4075471698113208
955,956,0.001378826240966191,0.40808625336927223
1407,1415,0.0013980370806621067,0.4086253369272237
447,450,0.001400353678548072,0.4091644204851752
392,400,0.0014010270983817463,0.40970350404312667
233,239,0.0014109712263348229,0.4102425876010782
1737,1741,0.0014123261735221604,0.41078167115902964
1488,1486,0.001421866328428223,0.41132075471698115
269,234,0.0014275153344271985,0.4118598382749326
111,116,0.0014286525537414718,0.4123989218328841
1793,1797,0.001430149338375486,0.4129380053908356
545,550,0.0014360650764047023,0.41347708894878704
1102,1104,0.001445967529889458,0.41401617250673856
1091,1095,0.0014471591514393367,0.41455525606469
1012,1011,0.00144748320326471,0.41509433962264153
187,188,0.001449180470160627,0.415633423180593
1165,1175,0.0014551539177318773,0.4161725067385445
1388,1394,0.0014649039260348218,0.41671159029649596
1296,1302,0.0014669957618025364,0.4172506738544474
347,348,0.001477077449465014,0.41778975741239893
687,690,0.0014832489451919173,0.4183288409703504
1525,1525,0.0014838770996448147,0.4188679245283019
700,702,0.0014878414411896301,0.41940700808625336
1669,1665,0.001495300990427495,0.4199460916442049
1143,1152,0.00150982499917518,0.42048517520215634
340,340,0.001511885398144841,0.4210242587601078
1350,1353,0.0015119265351586364,0.4215633423180593
531,538,0.0015261593491686654,0.42210242587601077
1519,1519,0.0015299199051241885,0.4226415094339623
28,30,0.001532390767238212,0.42318059299191374
1347,1346,0.0015327760104355548,0.42371967654986525
112,117,0.001540301900561758,0.4242587601078167
1159,1153,0.001541964632451709,0.42479784366576817
1803,1803,0.001542069418974279,0.4253369272237197
1724,1728,0.0015571036012715922,0.42587601078167114
1468,1469,0.0015573926955312345,0.42641509433962266
1104,1106,0.001562990137244924,0.4269541778975741
1753,1755,0.0015635065560672956,0.42749326145552563
1288,1295,0.0015827905356218253,0.4280323450134771
1782,1791,0.0015846990720547183,0.42857142857142855
485,397,0.0015924013815720173,0.42911051212938006
405,404,0.0015940159016736288,0.4296495956873315
484,489,0.0015953383423834566,0.43018867924528303
1697,1699,0.0015977224695689074,0.4307277628032345
248,251,0.0015983318347423392,0.431266846361186
731,729,0.0016204480496071483,0.43180592991913747
295,297,0.0016233258312468024,0.4323450134770889
1100,1103,0.0016332307134234725,0.43288409703504044
1385,1386,0.0016365990072699788,0.4334231805929919
844,790,0.001637999167542148,0.4339622641509434
1786,1792,0.0016418153854829143,0.43450134770889487
1129,1136,0.0016445337137156457,0.4350404312668464
980,984,0.001645904061319925,0.43557951482479784
1564,1564,0.0016468060882743885,0.4361185983827493
1702,1707,0.0016504196712503472,0.4366576819407008
357,361,0.00165271609859019,0.4371967654986523
1836,1837,0.0016569923038787238,0.4377358490566038
597,602,0.0016618954523437424,0.43827493261455525
1453,1454,0.0016659562131735584,0.43881401617250676
1605,1612,0.0016692447022705892,0.4393530997304582
1661,1664,0.0016693089858108578,0.4398921832884097
175,180,0.0016743039002165006,0.4404312668463612
298,289,0.0016762636628868677,0.44097035040431265
237,242,0.0016792678664785399,0.44150943396226416
1619,1630,0.001690312279833961,0.4420485175202156
474,478,0.0017092294245912854,0.44258760107816714
424,424,0.0017093080199401811,0.4431266846361186
1098,1097,0.001712378420506866,0.44366576819407005
283,223,0.0017136542846571956,0.44420485175202157
46,49,0.001717277448904042,0.444743935309973
1387,1389,0.0017259411151826498,0.44528301886792454
1059,1063,0.0017323714666872547,0.445822102425876
1236,1250,0.0017333422038063873,0.4463611859838275
1683,1687,0.0017343422296107747,0.44690026954177897
772,773,0.0017384400000537426,0.4474393530997305
1042,1047,0.0017497210426427046,0.44797843665768194
1256,1266,0.0017639551140291587,0.4485175202156334
896,900,0.0017654925725310022,0.4490566037735849
1280,1289,0.0017661131687418674,0.4495956873315364
590,593,0.0017679552494200834,0.4501347708894879
1402,1416,0.0017749678754626075,0.45067385444743935
827,833,0.0017810525089316798,0.45121293800539086
529,537,0.0017835732166986418,0.4517520215633423
656,665,0.0018031696054094937,0.4522911051212938
1290,1297,0.0018088267925122636,0.4528301886792453
682,689,0.001828531975434089,0.45336927223719675
83,91,0.0018342096020376175,0.45390835579514827
348,351,0.0018346962241935216,0.4544474393530997
921,923,0.0018527199517848203,0.45498652291105124
1616,1619,0.0018547969696101063,0.4555256064690027
690,696,0.0018647353537062372,0.45606469002695416
1506,1505,0.0018649361425104871,0.45660377358490567
1819,1817,0.0018703060911775538,0.45714285714285713
867,871,0.0018703745381571935,0.45768194070080864
1442,1442,0.0018740382945452438,0.4582210242587601
82,87,0.0018791119327232764,0.4587601078167116
1022,1035,0.001886620647496784,0.4592991913746631
1811,1816,0.001887373990030028,0.45983827493261453
878,877,0.0018906918807033435,0.46037735849056605
1648,1655,0.001895602605827662,0.4609164420485175
136,48,0.0019150097345317363,0.461455525606469
1758,1759,0.0019190400348634284,0.4619946091644205
180,181,0.0019404188775524744,0.462533692722372
555,561,0.0019479480070003774,0.46307277628032345
170,178,0.0019496913355396828,0.4636118598382749
1512,1513,0.0019526412827417516,0.4641509433962264
1598,1598,0.0019549320409169013,0.4646900269541779
525,531,0.001958712086207015,0.4652291105121294
1549,1551,0.0019632721441666945,0.46576819407008085
9,15,0.0019697251191601595,0.46630727762803237
191,194,0.0019735647217089536,0.4668463611859838
988,990,0.001976151967141959,0.4673854447439353
1509,1514,0.001997106052158415,0.4679245283018868
1853,1854,0.0020032706615893403,0.46846361185983826
1798,1806,0.0020084794978174614,0.46900269541778977
1267,1279,0.002013486498981365,0.46954177897574123
588,587,0.0020205076954198375,0.47008086253369274
1814,1822,0.0020247009481408895,0.4706199460916442
613,620,0.0020283915822574272,0.47115902964959566
1039,1041,0.0020335998824521084,0.4716981132075472
572,575,0.002038021768839826,0.47223719676549863
870,875,0.002040809109530528,0.47277628032345015
744,699,0.0020443401176635234,0.4733153638814016
226,233,0.002044372846683018,0.4738544474393531
1394,1397,0.0020500360601545253,0.4743935309973046
189,193,0.002056144475460542,0.47493261455525604
121,122,0.002062686836737271,0.47547169811320755
881,889,0.00206878313940706,0.476010781671159
584,594,0.00207244713919863,0.4765498652291105
1052,1053,0.0020738314076425013,0.477088948787062
1331,1338,0.0020779954099907627,0.4776280323450135
1083,1084,0.0020838452935549867,0.47816711590296496
1682,1684,0.00209097432548333,0.4787061994609164
604,614,0.00209245250175627,0.47924528301886793
431,438,0.0020981602963843216,0.4797843665768194
579,584,0.0020986331156791493,0.4803234501347709
1588,1591,0.0021183086898872716,0.48086253369272236
1137,1140,0.002121650228446015,0.4814016172506739
885,891,0.002128210080172721,0.48194070080862533
894,896,0.0021351077809868,0.48247978436657685
1784,1786,0.002135578437901131,0.4830188679245283
1765,1771,0.0021530293524847366,0.48355795148247976
1009,1014,0.0021610443732242857,0.4840970350404313
1733,1742,0.002175468506266043,0.48463611859838274
423,429,0.002183751230404596,0.48517520215633425
1390,1390,0.002185945332485062,0.4857142857142857
157,153,0.002192127834746316,0.4862533692722372
742,743,0.0021936014244374746,0.4867924528301887
476,475,0.0022021751893817054,0.48733153638814014
787,791,0.0022041186638261934,0.48787061994609165
982,985,0.0022114339990366716,0.4884097035040431
284,290,0.0022224506946031397,0.4889487870619946
1184,1147,0.0022275696594533656,0.4894878706199461
603,613,0.0022483065797587187,0.4900269541778976
26,28,0.0022638776709271724,0.49056603773584906
139,140,0.0022658501690386856,0.4911051212938005
669,674,0.002266874920223927,0.49164420485175203
1304,1304,0.0022766235565541137,0.4921832884097035
1550,1504,0.002282265461190036,0.492722371967655
30,32,0.002293078805106319,0.49326145552560646
134,142,0.002296040727600257,0.493800539083558
377,384,0.002296223659413954,0.49433962264150944
1624,1627,0.0023138548376664403,0.4948787061994609
1237,1245,0.0023301066401018034,0.4954177897574124
461,458,0.00233483638078269,0.49595687331536387
1515,1517,0.00233623269355121,0.4964959568733154
1054,1058,0.002336439138616697,0.49703504043126684
1750,1752,0.0023418776934249763,0.49757412398921835
726,731,0.002349853885448283,0.4981132075471698
890,893,0.0023559781498079246,0.49865229110512127
931,927,0.002357073812049748,0.4991913746630728
808,814,0.002359179665290867,0.49973045822102424
1768,1774,0.002364101187822598,0.5002695417789758
609,615,0.0023702387379671563,0.5008086253369273
1346,1347,0.0023722731261841545,0.5013477088948787
225,232,0.0023763582389051408,0.5018867924528302
1220,1215,0.0023849342514949967,0.5024258760107817
1151,1156,0.0023986020810298214,0.5029649595687331
1088,1090,0.0024003979538065323,0.5035040431266846
285,291,0.00240667284549545,0.5040431266846361
345,349,0.0024085849817083727,0.5045822102425876
1153,1154,0.0024089634694064443,0.505121293800539
113,118,0.0024205944424124937,0.5056603773584906
1144,1158,0.0024263217048883234,0.5061994609164421
681,691,0.0024317102230497767,0.5067385444743935
1275,1284,0.002436778612263879,0.507277628032345
939,943,0.002437149373918146,0.5078167115902965
1796,1800,0.0024471879573866318,0.508355795148248
363,362,0.0024486734873221394,0.5088948787061994
1173,1180,0.002464794158413497,0.5094339622641509
548,551,0.0024700674752011764,0.5099730458221025
1557,1560,0.002472081138876092,0.5105121293800539
81,80,0.0024784915551805398,0.5110512129380054
167,172,0.0024800919157428325,0.5115902964959569
1035,1045,0.002489117528625684,0.5121293800539084
1694,1698,0.002502564509086369,0.5126684636118598
29,29,0.002504523747901999,0.5132075471698113
1227,1241,0.002506797212845413,0.5137466307277628
1262,1263,0.002508595990775575,0.5142857142857142
601,610,0.002512488256911638,0.5148247978436657
120,123,0.002514048396434987,0.5153638814016173
1286,1251,0.0025144995493064926,0.5159029649595688
1654,1659,0.002524605871485619,0.5164420485175202
162,163,0.0025274803921604416,0.5169811320754717
911,911,0.0025298346471345212,0.5175202156334232
131,135,0.0025344172901213824,0.5180592991913746
1287,1293,0.0025368392068685353,0.5185983827493261
1033,1042,0.0025448597908734882,0.5191374663072776
1815,1821,0.002547019259282024,0.5196765498652292
1664,1667,0.00254809224179553,0.5202156334231806
892,883,0.0025702971665850782,0.5207547169811321
679,692,0.0025846775090485608,0.5212938005390836
1218,1222,0.002597016622303272,0.521832884097035
1056,1066,0.0026047228534480382,0.5223719676549865
443,449,0.0026233729576006226,0.522911051212938
1686,1689,0.0026252764871514955,0.5234501347708895
91,93,0.0026319638560750036,0.5239892183288409
701,708,0.0026341952789152856,0.5245283018867924
286,279,0.0026354874888170343,0.525067385444744
933,934,0.0026358364622183217,0.5256064690026954
704,710,0.002637542654383651,0.5261455525606469
841,847,0.002640779468265464,0.5266846361185984
747,748,0.0026592086807113446,0.5272237196765499
1008,1012,0.002661567235691109,0.5277628032345013
1352,1357,0.0026695514675338927,0.5283018867924528
1341,1343,0.0026732791238828213,0.5288409703504043
1295,1299,0.002689381284881165,0.5293800539083557
1709,1710,0.002691672889113761,0.5299191374663073
396,396,0.0026949511217821964,0.5304582210242588
703,706,0.002698876037129594,0.5309973045822103
1335,1333,0.0027002255608294945,0.5315363881401617
70,73,0.00270535357360302,0.5320754716981132
1117,1120,0.0027080156196461758,0.5326145552560647
1246,1133,0.0027106098214062513,0.5331536388140161
1725,1730,0.002714409622058156,0.5336927223719676
1611,1614,0.0027198276541184896,0.5342318059299191
1339,1342,0.0027252667778157047,0.5347708894878707
1157,1163,0.0027277222775410337,0.5353099730458221
551,471,0.00272979312131838,0.5358490566037736
1528,1532,0.002751628434907616,0.5363881401617251
1041,1044,0.002752343568317883,0.5369272237196766
1005,1010,0.0027649351384297916,0.537466307277628
475,477,0.002768475252423741,0.5380053908355795
1037,1036,0.0027739128016719405,0.538544474393531
155,161,0.00277716599833866,0.5390835579514824
1492,1497,0.002782452295150506,0.539622641509434
684,686,0.0027825353553225796,0.5401617250673855
1359,1362,0.002791088276580922,0.540700808625337
1511,1516,0.002805663959179583,0.5412398921832884
1297,1305,0.0028166630752366473,0.5417789757412399
1284,1294,0.0028227631541994924,0.5423180592991914
873,879,0.0028314273816931745,0.5428571428571428
639,647,0.002835655689636951,0.5433962264150943
1446,1448,0.002840189690459738,0.5439353099730458
252,258,0.002847138767947399,0.5444743935309974
404,409,0.0028596887064509247,0.5450134770889488
1797,1804,0.0028599298286735575,0.5455525606469003
1276,1278,0.002861697349089809,0.5460916442048518
719,723,0.002863390884954242,0.5466307277628032
1162,1166,0.0028724111534756958,0.5471698113207547
188,189,0.0028786284491957304,0.5477088948787062
17,18,0.002883486677630387,0.5482479784366577
932,936,0.002901329041833378,0.5487870619946091
1603,1605,0.002905290930357296,0.5493261455525607
1540,1542,0.002912283654040948,0.5498652291105122
1028,1028,0.002921493007420395,0.5504043126684636
1115,1118,0.002925602482036993,0.5509433962264151
902,904,0.0029272594733811275,0.5514824797843666
819,813,0.00293317247280811,0.5520215633423181
1835,1836,0.002933699087407149,0.5525606469002695
1677,1680,0.0029370647903306235,0.553099730458221
1707,1711,0.002937093754781017,0.5536388140161725
915,919,0.0029507673054922634,0.554177897574124
741,738,0.0029528076304359274,0.5547169811320755
985,992,0.0029540716720930504,0.555256064690027
561,562,0.002956708825422538,0.5557951482479785
1609,1616,0.0029579672407180624,0.5563342318059299
998,1002,0.0029608768189746115,0.5568733153638814
916,916,0.0029666716430938322,0.5574123989218329
650,660,0.002972885289068472,0.5579514824797843
12,20,0.0029764720942058176,0.5584905660377358
1215,1216,0.002981680977200085,0.5590296495956874
907,909,0.002993532553887235,0.5595687331536389
1244,1249,0.0029945613152904116,0.5601078167115903
951,955,0.0030069777718608748,0.5606469002695418
1602,1604,0.0030147001709792676,0.5611859838274933
429,434,0.003023604679640357,0.5617250673854447
267,272,0.0030249148468897147,0.5622641509433962
1379,1380,0.0030312393648728175,0.5628032345013477
1791,1799,0.003042017742700409,0.5633423180592992
755,756,0.0030508226570873376,0.5638814016172506
1425,1426,0.0030539549602508487,0.5644204851752022
616,619,0.003057471845522741,0.5649595687331537
736,742,0.003061385820842588,0.5654986522911051
1692,1654,0.0030769876582326106,0.5660377358490566
895,899,0.0030797137492299953,0.5665768194070081
876,865,0.0030815390415455113,0.5671159029649596
1790,1794,0.0030833356399853074,0.567654986522911
562,565,0.0030852123077238502,0.5681940700808625
1627,1629,0.0030946218118970137,0.568733153638814
860,862,0.0031001492322957347,0.5692722371967655
1499,1503,0.0031029522888275096,0.569811320754717
1299,1189,0.003104224026628799,0.5703504043126685
517,522,0.003108455656388287,0.57088948787062
1156,1162,0.0031085117518614425,0.5714285714285714
1255,1256,0.003108761404064353,0.5719676549865229
244,245,0.0031133827053508867,0.5725067385444744
766,767,0.0031176873111462555,0.5730458221024258
292,296,0.003144714700795248,0.5735849056603773
129,121,0.0031453910223717685,0.5741239892183289
1107,1110,0.0031502222552717285,0.5746630727762804
1152,1160,0.003150975823018598,0.5752021563342318
978,981,0.0031838709500107143,0.5757412398921833
500,500,0.003198717562497677,0.5762803234501348
1827,1831,0.0032026311819208786,0.5768194070080862
148,147,0.0032185649791927062,0.5773584905660377
645,657,0.003221789878011805,0.5778975741239892
1321,1229,0.0032404259545728564,0.5784366576819407
1274,1283,0.003244681169917385,0.5789757412398921
900,905,0.0032448548280399336,0.5795148247978437
558,557,0.003249980667987984,0.5800539083557952
1185,1190,0.0032572950906342157,0.5805929919137466
153,152,0.0032598383118056518,0.5811320754716981
652,662,0.003269636798904685,0.5816711590296496
1138,1150,0.0032759953878667147,0.5822102425876011
1417,1420,0.0032763143342435797,0.5827493261455525
384,379,0.0032866733023979577,0.583288409703504
987,993,0.003290208044973042,0.5838274932614556
660,670,0.003297537641174131,0.584366576819407
1818,1820,0.0033093812712650106,0.5849056603773585
509,512,0.003331354284853205,0.58544474393531
1329,1332,0.003332006843720592,0.5859838274932615
640,646,0.0033349223765526403,0.5865229110512129
1577,1575,0.003346264665879062,0.5870619946091644
221,225,0.003363207414054159,0.5876010781671159
850,853,0.0033712079110728155,0.5881401617250673
518,524,0.0033795676736190217,0.5886792452830188
1323,1328,0.0033821599247403356,0.5892183288409704
646,653,0.0033826722301455447,0.5897574123989219
34,35,0.003386283685092195,0.5902964959568733
446,455,0.0033995123193903964,0.5908355795148248
1722,1726,0.0034012104661087506,0.5913746630727763
1112,1117,0.0034070929837071162,0.5919137466307277
149,151,0.0034072765032817642,0.5924528301886792
1640,1645,0.0034281027390079544,0.5929919137466307
1586,1587,0.003441340234303425,0.5935309973045823
812,806,0.0034455852783139562,0.5940700808625337
488,495,0.0034467703312088815,0.5946091644204852
145,149,0.0034476339279478907,0.5951482479784367
190,186,0.0034726667750533124,0.5956873315363881
1411,1407,0.0034752626659155794,0.5962264150943396
813,819,0.0034777602395479335,0.5967654986522911
1206,1212,0.0034835767839922482,0.5973045822102426
181,184,0.003511314340840954,0.597843665768194
1224,1233,0.003511332487278196,0.5983827493261455
160,75,0.00351554934822218,0.5989218328840971
940,942,0.003518602929716508,0.5994609164420485
1714,1715,0.0035229239983891603,0.6
560,564,0.0035322921238503113,0.6005390835579515
904,907,0.0035340036258730834,0.601078167115903
1801,1788,0.003537079516945596,0.6016172506738544
853,859,0.0035489334763951774,0.6021563342318059
1021,1025,0.0035518752640655293,0.6026954177897574
308,307,0.003555274063842262,0.6032345013477088
31,31,0.0035568355364610227,0.6037735849056604
196,195,0.0035621497789293244,0.6043126684636119
826,832,0.003576103093450911,0.6048517520215634
250,254,0.0035850281959994845,0.6053908355795148
1510,1511,0.003586897160630542,0.6059299191374663
839,844,0.0035904331651863686,0.6064690026954178
944,948,0.0035933906223135637,0.6070080862533692
554,553,0.003600056746563496,0.6075471698113207
413,428,0.0036018497566487895,0.6080862533692722
532,534,0.0036168981711739434,0.6086253369272238
637,606,0.0036190512748817127,0.6091644204851752
1479,1485,0.0036214512870174076,0.6097035040431267
419,427,0.0036230649773187906,0.6102425876010782
816,818,0.003623699957529425,0.6107816711590297
19,25,0.0036254566225473184,0.6113207547169811
963,968,0.003628069657793276,0.6118598382749326
778,781,0.0036333251142650624,0.6123989218328841
694,687,0.003633602668514868,0.6129380053908355
1673,1674,0.0036416769935385673,0.613477088948787
1497,1500,0.003641775021151261,0.6140161725067386
1065,1072,0.003645168525963527,0.6145552560646901
1338,1340,0.0036497135467925546,0.6150943396226415
1099,1032,0.0036537283029929313,0.615633423180593
1716,1718,0.003660296915086292,0.6161725067385445
583,579,0.0036605189831107054,0.6167115902964959
1392,1387,0.0036630958127261692,0.6172506738544474
1239,1234,0.003663669761863275,0.6177897574123989
87,92,0.0036677047812219143,0.6183288409703505
1292,1301,0.0036699731131193403,0.6188679245283019
152,157,0.0036832532246648952,0.6194070080862534
1848,1847,0.0036886806401525973,0.6199460916442049
479,479,0.003698815731411287,0.6204851752021563
662,668,0.0037147353311866027,0.6210242587601078
96,101,0.003725153107296819,0.6215633423180593
1127,1131,0.0037451469668212667,0.6221024258760108
235,241,0.003747261955737713,0.6226415094339622
1242,1247,0.0037484792569557612,0.6231805929919138
979,983,0.0037580573987270327,0.6237196765498653
486,496,0.0037609566189189536,0.6242587601078167
765,760,0.003761762941849156,0.6247978436657682
1568,1565,0.0037622686429585883,0.6253369272237197
920,922,0.0037645009510924865,0.6258760107816712
328,329,0.0037682277123849417,0.6264150943396226
1649,1653,0.0037761095836685854,0.6269541778975741
301,304,0.0037873815753641793,0.6274932614555256
1031,1037,0.003787491829029932,0.628032345013477
85,86,0.003791762878833538,0.6285714285714286
527,535,0.0038155180313310666,0.6291105121293801
958,959,0.003822276920004697,0.6296495956873316
1147,1157,0.0038267714130597597,0.630188679245283
1043,1050,0.0038305734757386745,0.6307277628032345
433,439,0.0038385856821605557,0.631266846361186
569,572,0.0038389755408161363,0.6318059299191374
804,804,0.0038390143724882364,0.6323450134770889
459,472,0.003841544694523691,0.6328840970350404
526,532,0.0038443980961346824,0.633423180592992
402,403,0.003844456700505816,0.6339622641509434
192,191,0.0038658877215311804,0.6345013477088949
1761,1766,0.0038663484042444907,0.6350404312668464
179,167,0.0038664897322462366,0.6355795148247978
1788,1801,0.0038767544006077514,0.6361185983827493
1680,1676,0.0038799501401172165,0.6366576819407008
599,604,0.0039015087062352904,0.6371967654986523
587,591,0.00391483339728893,0.6377358490566037
434,440,0.0039161843985198175,0.6382749326145553
1436,1436,0.003918718341310523,0.6388140161725068
1433,1434,0.003919631352800934,0.6393530997304582
15,14,0.003932432060958391,0.6398921832884097
1146,1146,0.003934657107265593,0.6404312668463612
966,967,0.003934997866622325,0.6409703504043127
395,395,0.003937195666537718,0.6415094339622641
273,284,0.003937293026694988,0.6420485175202156
216,219,0.003937955424845541,0.6425876010781671
1006,1009,0.003942462863392393,0.6431266846361186
499,514,0.003947646360188628,0.6436657681940701
791,793,0.0039485237538201545,0.6442048517520216
1344,1351,0.003950419946932016,0.6447439353099731
1096,1099,0.003952315041487964,0.6452830188679245
1656,1658,0.003953685475153179,0.645822102425876
422,421,0.0039642049755457265,0.6463611859838275
1696,1694,0.003972244333908748,0.6469002695417789
1209,1220,0.003975831654088324,0.6474393530997304
1527,1523,0.003987411008438357,0.647978436657682
1409,1413,0.003992815941273875,0.6485175202156335
329,334,0.003998106905498844,0.6490566037735849
1820,1790,0.004002561808647442,0.6495956873315364
1178,1186,0.004004882072877081,0.6501347708894879
1263,1271,0.004005361949339203,0.6506738544474393
1608,1607,0.0040094160806347645,0.6512129380053908
1700,1693,0.004027263516036328,0.6517520215633423
1610,1610,0.004041444611630141,0.6522911051212938
411,423,0.004042027301522921,0.6528301886792452
194,196,0.00404765553685138,0.6533692722371968
627,630,0.004062359768795432,0.6539083557951483
218,221,0.004065541163555508,0.6544474393530997
1834,1765,0.004077115779637097,0.6549865229110512
1503,1510,0.004081794713101772,0.6555256064690027
830,834,0.004086780824536618,0.6560646900269542
316,319,0.00408787695329238,0.6566037735849056
1247,1253,0.004088693706989943,0.6571428571428571
1200,1201,0.004098204667570826,0.6576819407008087
984,987,0.00410853483469964,0.6582210242587601
1327,1329,0.004112446226145039,0.6587601078167116
1542,1545,0.004120274978276939,0.6592991913746631
1429,1430,0.004122305073451571,0.6598382749326146
1759,1761,0.004146612989188725,0.660377358490566
658,654,0.00417197723334084,0.6609164420485175
1150,1155,0.004189424668766151,0.661455525606469
880,884,0.004189510890682868,0.6619946091644204
810,808,0.004196755366365323,0.662533692722372
456,468,0.004253087971051173,0.6630727762803235
1615,1620,0.004262654655576625,0.663611859838275
271,269,0.004405304770443763,0.6641509433962264
1221,1227,0.004427990963222328,0.6646900269541779
659,669,0.0045454765823933485,0.6652291105121294
1023,1026,0.004840899843429725,0.6657681940700808
615,616,0.005203596821502288,0.6663072776280323
1413,1410,0.005293411804814241,0.6668463611859838
1211,1218,0.005472848031558897,0.6673854447439354
1171,1172,0.005542258146533641,0.6679245283018868
1847,1851,0.0056677719330764376,0.6684636118598383
633,638,0.00592882823536911,0.6690026954177898
241,249,0.006073712495691552,0.6695417789757412
116,124,0.006090440922775997,0.6700808625336927
496,513,0.00668027441116692,0.6706199460916442
1069,1073,0.006947891878780865,0.6711590296495957
1121,1016,0.006977156077482505,0.6716981132075471
104,107,0.007668320821366592,0.6722371967654986
114,112,0.008045629823826062,0.6727762803234502
570,574,0.008374843662295461,0.6733153638814016
1405,1414,0.008649353480222999,0.6738544474393531
1395,1402,0.008880615402404146,0.6743935309973046
709,717,0.008905980080953668,0.6749326145552561
287,288,0.009028181403152757,0.6754716981132075
173,176,0.009956849093015308,0.676010781671159
208,213,0.010173490178090105,0.6765498652291105
451,454,0.01091404822415143,0.6770889487870619
1678,1675,0.01175973594035895,0.6776280323450135
1474,1478,0.012586236434344755,0.678167115902965
857,827,0.01329265552533343,0.6787061994609165
78,84,0.013340174838774033,0.6792452830188679
1378,1373,0.013514665355387478,0.6797843665768194
695,705,0.01353002153723537,0.6803234501347709
1333,1327,0.014513171918451917,0.6808625336927224
318,316,0.01472748600781415,0.6814016172506738
278,277,0.015136456226912287,0.6819407008086253
172,179,0.015248032133342804,0.6824797843665769
1776,1679,0.016291193299821316,0.6830188679245283
1134,1139,0.017005956433422398,0.6835579514824798
875,882,0.01715633065032307,0.6840970350404313
2,8,0.017210627742527684,0.6846361185983828
1688,1692,0.01760664895937225,0.6851752021563342
1634,1646,0.017831802182172396,0.6857142857142857
1735,1739,0.01783214774559383,0.6862533692722372
1087,1091,0.018635748931956186,0.6867924528301886
1398,1399,0.02003218226377612,0.6873315363881402
97,108,0.02016772724209659,0.6878706199460917
1268,1274,0.02050416976840097,0.6884097035040432
1330,1336,0.020550374709273456,0.6889487870619946
75,79,0.020606628039146813,0.6894878706199461
805,811,0.021035261189808807,0.6900269541778976
1201,1208,0.021080375756127978,0.690566037735849
1071,1071,0.021719568505432107,0.6911051212938005
905,881,0.022448030789746554,0.691644204851752
1752,1757,0.02274386221210989,0.6921832884097036
1084,1082,0.02414972255110115,0.692722371967655
1245,1170,0.024176875491093597,0.6932614555256065
338,343,0.025066485515026216,0.693800539083558
991,996,0.02675525427264347,0.6943396226415094
1487,1491,0.027068736437968255,0.6948787061994609
1233,1242,0.027772857045192723,0.6954177897574124
677,688,0.0283851811140039,0.6959568733153639
729,734,0.02853870806654868,0.6964959568733153
200,208,0.028609469885992667,0.6970350404312669
993,997,0.02888431938561098,0.6975741239892184
1480,1484,0.02971608063376152,0.6981132075471698
1560,1557,0.03038177252847163,0.6986522911051213
1231,1243,0.031025508139009617,0.6991913746630728
470,473,0.03109880453337155,0.6997304582210243
1529,1535,0.03268230324260912,0.7002695417789757
1705,1708,0.03280178913519194,0.7008086253369272
635,563,0.032946324545150674,0.7013477088948787
1027,1030,0.033295519054149736,0.7018867924528301
1461,1464,0.03432351325568561,0.7024258760107817
1061,1064,0.0350619829837342,0.7029649595687332
1657,1663,0.03520713053330837,0.7035040431266847
1371,1372,0.03640922331283036,0.7040431266846361
277,283,0.03693667241600451,0.7045822102425876
362,364,0.03748233280708746,0.7051212938005391
236,187,0.03949595718344767,0.7056603773584905
928,933,0.04005367091917833,0.706199460916442
1228,1239,0.04014146004374197,0.7067385444743935
802,812,0.0401986395683025,0.7072776280323451
535,529,0.040867346589493536,0.7078167115902965
154,160,0.0413478355907273,0.708355795148248
249,235,0.04154891047619458,0.7088948787061995
1538,1544,0.04185796044203016,0.7094339622641509
1366,1368,0.04209287988874166,0.7099730458221024
781,772,0.042528649136784225,0.7105121293800539
1665,1670,0.04256780700734453,0.7110512129380054
1652,1650,0.04305227583017768,0.7115902964959568
1400,1400,0.04325686424522246,0.7121293800539084
1559,1558,0.043474106935036616,0.7126684636118599
1148,1138,0.04398214150910462,0.7132075471698113
205,207,0.0443991917524329,0.7137466307277628
8,11,0.04495072999777783,0.7142857142857143
1030,1039,0.04506482431986569,0.7148247978436658
1140,1142,0.045362526752569465,0.7153638814016172
450,461,0.04553765734834769,0.7159029649595687
1771,1779,0.04760630913347086,0.7164420485175202
185,190,0.04814130596625432,0.7169811320754716
477,482,0.048235496638483255,0.7175202156334232
506,499,0.04830620640188954,0.7180592991913747
976,978,0.04923330534450088,0.7185983827493262
151,139,0.050332938079918677,0.7191374663072776
1086,1083,0.051045138564632,0.7196765498652291
454,460,0.051364562133926484,0.7202156334231806
1431,1345,0.05186586744298438,0.720754716981132
1303,1309,0.05203208807529336,0.7212938005390835
1078,1088,0.05260610089248985,0.721832884097035
466,474,0.05304807725696037,0.7223719676549866
886,869,0.05367322143411002,0.722911051212938
1548,1554,0.05374740772208497,0.7234501347708895
302,231,0.0538645302366092,0.723989218328841
1421,1424,0.05401350049191933,0.7245283018867924
1763,1764,0.05606746922512684,0.7250673854447439
740,744,0.056729345644953355,0.7256064690026954
1585,1584,0.057456175975630686,0.726145552560647
649,659,0.05747895693639293,0.7266846361185983
103,104,0.057725868243068135,0.7272237196765499
1633,1644,0.05781151349583524,0.7277628032345014
369,374,0.05873875724853406,0.7283018867924528
1204,1209,0.05908082014138927,0.7288409703504043
1501,1508,0.05938624981195062,0.7293800539083558
353,357,0.06054339387782193,0.7299191374663073
73,78,0.06395526882387514,0.7304582210242587
1794,1796,0.06570808388823934,0.7309973045822102
1271,1259,0.06614399973113905,0.7315363881401618
142,144,0.06873404324161925,0.7320754716981132
56,56,0.06935922049536458,0.7326145552560647
473,481,0.06974684364075756,0.7331536388140162
849,840,0.07018293802298103,0.7336927223719677
472,480,0.07152979746757637,0.7342318059299191
973,976,0.07157675748180736,0.7347708894878706
1489,1493,0.07287745913890831,0.7353099730458221
608,622,0.07291496380139506,0.7358490566037735
1356,1356,0.07610319393779719,0.736388140161725
376,386,0.07729656973327792,0.7369272237196766
176,156,0.07799739295487029,0.7374663072776281
1313,1211,0.07801516372296646,0.7380053908355795
1545,1533,0.07841521288719377,0.738544474393531
1645,1639,0.07867817741157523,0.7390835579514825
1092,1100,0.07910028595802032,0.7396226415094339
430,436,0.07958259033154036,0.7401617250673854
874,878,0.08001782341489161,0.7407008086253369
428,431,0.08025706134174015,0.7412398921832885
242,250,0.08290268218837582,0.7417789757412399
71,70,0.08383487487766672,0.7423180592991914
1384,1385,0.08395581502350069,0.7428571428571429
785,789,0.08417986282188394,0.7433962264150943
968,966,0.08441661474012108,0.7439353099730458
47,47,0.08464976545477043,0.7444743935309973
1358,1360,0.0847100929829594,0.7450134770889488
1309,1316,0.08585119480767389,0.7455525606469002
889,895,0.08665655032189079,0.7460916442048517
1655,1662,0.08706943375250376,0.7466307277628033
756,764,0.08797283154649449,0.7471698113207547
1370,1376,0.08896590500626189,0.7477088948787062
523,530,0.0913048070784157,0.7482479784366577
1116,1116,0.09159897283439022,0.7487870619946092
1266,1268,0.09225778839822851,0.7493261455525606
1745,1678,0.09266669561952767,0.7498652291105121
1038,1046,0.09292809372902866,0.7504043126684636
626,639,0.09339609156859296,0.7509433962264151
1036,1038,0.09443840558253669,0.7514824797843666
1024,1034,0.09552948592363464,0.7520215633423181
27,23,0.09561124581473734,0.7525606469002696
1345,1269,0.09607684840148067,0.753099730458221
1391,1392,0.0966695959371009,0.7536388140161725
202,206,0.1007107402407712,0.754177897574124
1199,1204,0.10178114542372896,0.7547169811320755
962,965,0.10563208635926458,0.7552560646900269
1026,1033,0.10606787623396485,0.7557951482479784
847,852,0.1063093993413986,0.75633423180593
11,12,0.10727842866412995,0.7568733153638814
178,175,0.10784089493296278,0.7574123989218329
497,490,0.10808207376186374,0.7579514824797844
1533,1538,0.10828908371149737,0.7584905660377359
183,185,0.10892856805759266,0.7590296495956873
1076,1080,0.10946986905651102,0.7595687331536388
1029,1024,0.10962743993388813,0.7601078167115903
399,407,0.1106471546472676,0.7606469002695417
156,159,0.11084512585182438,0.7611859838274933
582,589,0.1126778086950253,0.7617250673854448
41,51,0.11295760652563303,0.7622641509433963
1273,1275,0.11304109171464916,0.7628032345013477
1001,1006,0.11306310030056466,0.7633423180592992
806,805,0.11312949566308816,0.7638814016172507
1166,1173,0.11369025115709519,0.7644204851752021
722,728,0.11410837516450556,0.7649595687331536
1301,1311,0.11524115690508552,0.7654986522911051
93,90,0.11577641180419107,0.7660377358490567
969,971,0.11624734793394964,0.7665768194070081
1563,1562,0.11672541642178658,0.7671159029649596
1014,1021,0.11753916667669273,0.7676549865229111
578,585,0.1179087773334686,0.7681940700808625
321,326,0.11793964240462174,0.768733153638814
381,382,0.11872070390160161,0.7692722371967655
272,278,0.11969014146399104,0.769811320754717
538,544,0.12297753418749835,0.7703504043126684
1364,1365,0.12397089270029937,0.77088948787062
266,271,0.12411111863303859,0.7714285714285715
1695,1702,0.12454894063489519,0.7719676549865229
291,293,0.1257243779545547,0.7725067385444744
1449,1450,0.12650253365472963,0.7730458221024259
102,106,0.12686370674859404,0.7735849056603774
884,886,0.12703098727172346,0.7741239892183288
686,685,0.1270680932717596,0.7746630727762803
460,459,0.12784941819967344,0.7752021563342318
1787,1787,0.1285553738218823,0.7757412398921832
171,177,0.13582885658428268,0.7762803234501348
379,383,0.13650545777562684,0.7768194070080863
1252,1258,0.1369424649406028,0.7773584905660378
1011,1015,0.13742785127431034,0.7778975741239892
596,588,0.13764423919974433,0.7784366576819407
1635,1638,0.13877617065145387,0.7789757412398922
550,556,0.14080934767150666,0.7795148247978436
539,543,0.1413539834003359,0.7800539083557951
165,155,0.14188787136026804,0.7805929919137466
1302,1308,0.14399517029096387,0.7811320754716982
229,237,0.14520528741428507,0.7816711590296496
699,651,0.14600585427399437,0.7822102425876011
412,422,0.14652073447768998,0.7827493261455526
1767,1773,0.14753151065201564,0.783288409703504
738,737,0.14817485663604657,0.7838274932614555
954,954,0.14975430687070457,0.784366576819407
1513,1521,0.14988431268011482,0.7849056603773585
727,727,0.15104858802760646,0.7854447439353099
786,787,0.15159334135398694,0.7859838274932615
623,637,0.15169832879439582,0.786522911051213
903,908,0.15215575048489427,0.7870619946091644
1593,1597,0.154550552999126,0.7876010781671159
678,681,0.15619000613730805,0.7881401617250674
607,611,0.1568380384981083,0.7886792452830189
1258,1264,0.1568582958159368,0.7892183288409703
1754,1756,0.1571923097378658,0.7897574123989218
631,633,0.15772330014590352,0.7902964959568733
219,224,0.15847739366120095,0.7908355795148247
1636,1640,0.15950117265651897,0.7913746630727763
1213,1217,0.15971727750070386,0.7919137466307278
1590,1592,0.15972335741912502,0.7924528301886793
714,718,0.1598052083550101,0.7929919137466307
1785,1789,0.16031995749631278,0.7935309973045822
234,169,0.16082541811786655,0.7940700808625337
1507,1506,0.16113494978844756,0.7946091644204851
123,131,0.16184023030768913,0.7951482479784366
1063,1065,0.1619544845530072,0.7956873315363882
1457,1463,0.16314194225151368,0.7962264150943397
489,504,0.16331171762192298,0.7967654986522911
1312,1281,0.1658285105647792,0.7973045822102426
620,636,0.16594773838676247,0.7978436657681941
891,894,0.16608289656778652,0.7983827493261455
1308,1315,0.1661561115142831,0.798921832884097
1734,1733,0.16688190371496603,0.7994609164420485
1445,1449,0.16715733589694537,0.8
779,779,0.16755450900234337,0.8005390835579514
239,244,0.1694169069866689,0.801078167115903
653,661,0.16948855192458723,0.8016172506738545
611,627,0.16974486784306464,0.8021563342318059
259,263,0.17007492238244026,0.8026954177897574
1145,1149,0.1704408298346607,0.8032345013477089
1232,1237,0.17051873394029826,0.8037735849056604
1270,1267,0.17074980868642342,0.8043126684636118
1135,1143,0.17118592766064467,0.8048517520215633
465,470,0.1714241549530584,0.8053908355795149
1751,1753,0.17264804538740464,0.8059299191374663
846,851,0.17309521807044348,0.8064690026954178
869,873,0.1740753911997217,0.8070080862533693
711,720,0.17487545893004608,0.8075471698113208
1450,1446,0.17583466640121515,0.8080862533692722
416,420,0.1769037194029579,0.8086253369272237
1715,1722,0.17729993912121245,0.8091644204851752
970,970,0.177413881444636,0.8097035040431266
925,932,0.17767890520246965,0.8102425876010781
1095,1094,0.17823588004603153,0.8107816711590297
1792,1805,0.17894868087637406,0.8113207547169812
667,598,0.17938361842402628,0.8118598382749326
495,498,0.1807053708707258,0.8123989218328841
556,559,0.18218842420083092,0.8129380053908356
86,81,0.18264778204331833,0.813477088948787
655,663,0.1833357666437223,0.8140161725067385
1587,1588,0.1833716704377366,0.81455525606469
1689,1696,0.18417256774887392,0.8150943396226416
1572,1574,0.18456711654516766,0.815633423180593
303,305,0.185145151795723,0.8161725067385445
877,888,0.18524186417914734,0.816711590296496
589,597,0.1854596968878468,0.8172506738544474
62,69,0.18585637932275034,0.8177897574123989
493,503,0.1863127337791184,0.8183288409703504
977,980,0.1864511249240195,0.8188679245283019
1325,1326,0.18740594905898433,0.8194070080862533
1077,1079,0.18755438495486487,0.8199460916442048
1430,1431,0.18757247120697684,0.8204851752021564
1230,1236,0.1878942557202663,0.8210242587601078
1170,1174,0.18793602753407868,0.8215633423180593
1197,1199,0.18797265957982745,0.8221024258760108
1837,1838,0.18836745951284684,0.8226415094339623
927,930,0.18842314519645242,0.8231805929919137
1208,1213,0.1885482790205515,0.8237196765498652
378,387,0.189226973662187,0.8242587601078167
929,929,0.1903125805547461,0.8247978436657682
862,868,0.19078279517566443,0.8253369272237197
602,608,0.1909659877788954,0.8258760107816712
1111,1114,0.19306903584174506,0.8264150943396227
1406,1412,0.19393782447832564,0.8269541778975741
1674,1682,0.19457595337325984,0.8274932614555256
642,650,0.19462095386199962,0.8280323450134771
1210,1219,0.19494636946319588,0.8285714285714286
811,817,0.19522238704144002,0.82911051212938
1353,1349,0.19565414243311352,0.8296495956873315
1164,1165,0.19582487891784695,0.8301886792452831
1149,1141,0.19659270374017979,0.8307277628032345
533,533,0.19689881188526215,0.831266846361186
117,119,0.19785083101794498,0.8318059299191375
6,13,0.19915808179490746,0.832345013477089
1551,1553,0.19916628976488937,0.8328840970350404
514,519,0.20090476943732938,0.8334231805929919
1202,1207,0.20102416324857586,0.8339622641509434
408,413,0.20139609546589554,0.8345013477088948
453,462,0.20187566351853548,0.8350404312668464
573,580,0.202026981569702,0.8355795148247979
524,528,0.2021062179462092,0.8361185983827494
359,359,0.20376828484631915,0.8366576819407008
1463,1459,0.2046555148385778,0.8371967654986523
478,377,0.20525646331878988,0.8377358490566038
1650,1657,0.20604012863350363,0.8382749326145552
1738,1740,0.20725206661450102,0.8388140161725067
1408,1411,0.2074362051528169,0.8393530997304582
865,866,0.2075123519899762,0.8398921832884098
1332,1335,0.20777448023181933,0.8404312668463612
1522,1526,0.20886274056852017,0.8409703504043127
383,385,0.20894528897559894,0.8415094339622642
467,466,0.2097881783631692,0.8420485175202156
770,771,0.21083000344981428,0.8425876010781671
1389,1393,0.21083009448466328,0.8431266846361186
343,344,0.21131488721653113,0.8436657681940701
161,166,0.21147241179701837,0.8442048517520215
1594,1599,0.21162028213075246,0.844743935309973
304,306,0.21193167873815355,0.8452830188679246
797,800,0.21262391316554385,0.845822102425876
1749,1749,0.21283953129977817,0.8463611859838275
279,276,0.21404331236720964,0.846900269541779
315,313,0.21480819927916173,0.8474393530997305
647,658,0.21495488513937744,0.8479784366576819
407,417,0.2159431499950415,0.8485175202156334
1708,1712,0.21709038524682,0.8490566037735849
974,975,0.21801237435568055,0.8495956873315363
795,801,0.21858836765011347,0.8501347708894879
1583,1583,0.219405884195794,0.8506738544474394
1155,1148,0.22034691066915002,0.8512129380053909
1348,1350,0.22128600398036724,0.8517520215633423
127,130,0.22151079677976782,0.8522911051212938
534,539,0.22218338195722254,0.8528301886792453
1300,1310,0.22219246735903653,0.8533692722371967
1055,1056,0.22254173825945145,0.8539083557951482
972,974,0.22291353429829996,0.8544474393530997
1742,1729,0.2236058071791831,0.8549865229110513
809,815,0.2242218044012816,0.8555256064690027
425,415,0.22471612961197707,0.8560646900269542
1521,1528,0.2251048994157827,0.8566037735849057
122,125,0.22510671676053562,0.8571428571428571
1651,1656,0.22536260341485104,0.8576819407008086
1154,1161,0.22596171686086564,0.8582210242587601
784,784,0.22664006149102534,0.8587601078167116
80,89,0.22778916030182472,0.859299191374663
1016,982,0.22802503419870845,0.8598382749326146
1459,1457,0.22882896045030066,0.8603773584905661
1843,1849,0.22962686900382323,0.8609164420485175
1334,1337,0.2318837058999179,0.861455525606469
1628,1626,0.2331067175989574,0.8619946091644205
1770,1770,0.23401364044093498,0.862533692722372
1541,1543,0.234351566903797,0.8630727762803234
394,342,0.2355164452769145,0.8636118598382749
1769,1768,0.23776871232644226,0.8641509433962264
66,68,0.23793089129289768,0.8646900269541778
1850,1850,0.23877174839753934,0.8652291105121294
1795,1798,0.23946647319257863,0.8657681940700809
108,113,0.23994360328548225,0.8663072776280324
300,218,0.24397051659872204,0.8668463611859838
276,281,0.2468260536239768,0.8673854447439353
947,947,0.2468617750461135,0.8679245283018868
868,876,0.24758311114396747,0.8684636118598382
516,493,0.24767555281306386,0.8690026954177897
1642,1643,0.2484660489324142,0.8695417789757413
1158,1159,0.24895254377406673,0.8700808625336928
417,414,0.24944476527116421,0.8706199460916442
358,355,0.25000129804715243,0.8711590296495957
1186,1193,0.2509247829029846,0.8716981132075472
871,872,0.252170141439251,0.8722371967654986
240,246,0.25355772019773326,0.8727762803234501
1225,1235,0.25451044173064474,0.8733153638814016
159,162,0.2551778881651501,0.8738544474393531
342,341,0.25532764490822046,0.8743935309973045
990,991,0.25541037557798063,0.8749326145552561
331,331,0.25567458807290677,0.8754716981132076
224,230,0.2594444306828336,0.876010781671159
621,632,0.25959499830014465,0.8765498652291105
829,837,0.26049662265347706,0.877088948787062
1269,1280,0.2606164530695878,0.8776280323450135
1336,1341,0.26092875097197066,0.8781671159029649
1160,1169,0.2614624292175449,0.8787061994609164
1625,1628,0.2615572789645739,0.879245283018868
691,624,0.2617565187611035,0.8797843665768194
247,253,0.26588877656527643,0.8803234501347709
757,758,0.2659715690418807,0.8808625336927224
1517,1520,0.26617414822749197,0.8814016172506739
706,719,0.2665278370920987,0.8819407008086253
1672,1677,0.26700145310701373,0.8824797843665768
1326,1322,0.26766307841899106,0.8830188679245283
1187,1192,0.2678615144636751,0.8835579514824797
1703,1704,0.2690564749623263,0.8840970350404312
84,95,0.2695289173289126,0.8846361185983828
203,205,0.2715221315740166,0.8851752021563343
89,88,0.27192530493431377,0.8857142857142857
138,146,0.2735666757537558,0.8862533692722372
110,111,0.27365951005953093,0.8867924528301887
483,491,0.27367451472059656,0.8873315363881401
1365,1367,0.27511107722148154,0.8878706199460916
1235,1244,0.2754047813318721,0.8884097035040431
1089,1093,0.2756756129713267,0.8889487870619946
290,298,0.2766017263651861,0.889487870619946
1142,1129,0.27699109204900196,0.8900269541778976
491,492,0.2771299250527477,0.8905660377358491
327,324,0.2772968801734237,0.8911051212938005
403,406,0.27802090856442874,0.891644204851752
1420,1409,0.2781561531569423,0.8921832884097035
908,912,0.28031306377545206,0.892722371967655
1191,1194,0.281522544704103,0.8932614555256064
1435,1437,0.2821179688924076,0.8938005390835579
1219,1223,0.2826912671125683,0.8943396226415095
612,621,0.2827189035374431,0.894878706199461
1427,1429,0.2830436266867764,0.8954177897574124
1139,1144,0.28382360873752077,0.8959568733153639
39,46,0.2841932974554311,0.8964959568733154
513,511,0.2846388359902221,0.8970350404312668
683,683,0.2853001869571017,0.8975741239892183
1637,1642,0.28569863401094153,0.8981132075471698
65,67,0.28622313161910995,0.8986522911051213
1632,1635,0.28632570167201266,0.8991913746630728
1698,1697,0.28667440947879186,0.8997304582210243
671,684,0.2867469917835024,0.9002695417789758
105,85,0.2883328668342955,0.9008086253369272
38,42,0.2884492670609191,0.9013477088948787
487,510,0.28886699945462624,0.9018867924528302
426,425,0.2893935002185799,0.9024258760107817
543,552,0.2898901136953782,0.9029649595687331
530,536,0.29047664534550677,0.9035040431266846
445,453,0.2907846104324108,0.9040431266846362
22,10,0.29120754046335406,0.9045822102425876
1260,1276,0.2919767907865207,0.9051212938005391
773,775,0.2920633314367933,0.9056603773584906
119,126,0.2929393931390365,0.9061994609164421
1264,1262,0.29478750694465816,0.9067385444743935
1175,1171,0.296123410637847,0.907277628032345
398,402,0.29987847445300986,0.9078167115902965
14,16,0.30028406866124513,0.9083557951482479
468,469,0.3005940800339886,0.9088948787061994
140,136,0.30220756923966974,0.909433962264151
158,168,0.30274831971823346,0.9099730458221025
1101,1101,0.30315320710406013,0.9105121293800539
1079,1086,0.3032768920406852,0.9110512129380054
1812,1819,0.30347148548003133,0.9115902964959569
1110,1113,0.30348988203286353,0.9121293800539083
1455,1460,0.30800899176028906,0.9126684636118598
1643,1648,0.3097265282463013,0.9132075471698113
193,197,0.30986318783087086,0.9137466307277629
1317,1314,0.31002355480791266,0.9142857142857143
40,52,0.3111728986822939,0.9148247978436658
330,333,0.3130410121501086,0.9153638814016173
872,880,0.31311496861076193,0.9159029649595687
1589,1595,0.31366632844151354,0.9164420485175202
793,794,0.31430857802581613,0.9169811320754717
63,66,0.3147259438658452,0.9175202156334232
1097,1102,0.31531760048392243,0.9180592991913746
1579,1585,0.3166948622661039,0.9185983827493261
512,508,0.31692141071886226,0.9191374663072777
1025,1029,0.31772352155883254,0.9196765498652291
7,7,0.31803393749490283,0.9202156334231806
705,709,0.3184295814825191,0.9207547169811321
1003,1007,0.32043539692870127,0.9212938005390836
733,733,0.3208029526979317,0.921832884097035
585,592,0.32253221778785246,0.9223719676549865
1315,1318,0.32266429409332886,0.922911051212938
309,312,0.32327756649181083,0.9234501347708894
1566,1569,0.3235218515635552,0.923989218328841
1396,1401,0.32452592681420356,0.9245283018867925
268,275,0.3272522998728391,0.925067385444744
1690,1695,0.32742895138107997,0.9256064690026954
88,94,0.3276935432069763,0.9261455525606469
1412,1405,0.3285795969572973,0.9266846361185984
651,656,0.3309780272061289,0.9272237196765498
1644,1636,0.33374691454855565,0.9277628032345013
366,366,0.334631978639095,0.9283018867924528
1762,1763,0.335006184213853,0.9288409703504044
1257,1205,0.3353333986708549,0.9293800539083558
1320,1325,0.3354517422721983,0.9299191374663073
1746,1750,0.3368089889386283,0.9304582210242588
945,945,0.33829725444036285,0.9309973045822102
761,763,0.3398240234896548,0.9315363881401617
355,358,0.3411321175645412,0.9320754716981132
333,336,0.3418067361199064,0.9326145552560647
1592,1596,0.3423363062854605,0.9331536388140161
864,867,0.34397183441626566,0.9336927223719677
25,27,0.3449532908170596,0.9342318059299192
581,583,0.34595940330848407,0.9347708894878706
1617,1625,0.34686694937227003,0.9353099730458221
1448,1451,0.3479161898515031,0.9358490566037736
1316,1273,0.34853605225703177,0.9363881401617251
54,59,0.34872662599593696,0.9369272237196765
1483,1489,0.3492991893274393,0.937466307277628
1561,1563,0.35126462511948375,0.9380053908355795
498,494,0.35313300350122745,0.938544474393531
314,318,0.35360858449621446,0.9390835579514825
1369,1375,0.35372424959291493,0.939622641509434
1601,1601,0.3537737381120678,0.9401617250673855
563,566,0.35461160162151373,0.9407008086253369
150,158,0.3554564691495443,0.9412398921832884
1397,1398,0.35571449067219874,0.9417789757412399
1020,1020,0.3566934543359821,0.9423180592991913
1229,1238,0.3571476415363577,0.9428571428571428
1799,1802,0.3587965033677847,0.9433962264150944
1732,1735,0.3590989787114722,0.9439353099730459
675,682,0.3592190760542735,0.9444743935309973
629,635,0.3595915116565038,0.9450134770889488
420,430,0.3603044235870243,0.9455525606469003
1168,1177,0.36102829678384296,0.9460916442048517
546,435,0.3620566146879014,0.9466307277628032
401,405,0.3625020731294626,0.9471698113207547
490,507,0.36396200081162533,0.9477088948787062
245,247,0.36465863816115984,0.9482479784366576
1205,1210,0.36508601927334894,0.9487870619946092
961,964,0.3679098700119994,0.9493261455525607
1066,1062,0.3679280792832742,0.9498652291105121
674,679,0.3680849908237178,0.9504043126684636
143,148,0.36873135190617745,0.9509433962264151
1283,1290,0.370298226418754,0.9514824797843666
698,704,0.3770637847796934,0.952021563342318
462,463,0.37793186165976067,0.9525606469002695
494,506,0.3781924810621149,0.953099730458221
1109,1111,0.3790114209584772,0.9536388140161725
1291,1291,0.3830657627443088,0.954177897574124
1272,1272,0.3832624455283167,0.9547169811320755
1641,1641,0.38338469408517994,0.955256064690027
1447,1452,0.38621860939110775,0.9557951482479784
42,45,0.3866043789935034,0.9563342318059299
492,501,0.38980926761871615,0.9568733153638814
1731,1738,0.39017487161345343,0.9574123989218328
823,826,0.3933447122801681,0.9579514824797843
397,401,0.39542185290440557,0.9584905660377359
147,154,0.39638966436464784,0.9590296495956874
438,432,0.39712432253725183,0.9595687331536388
1044,1049,0.39833626725840077,0.9601078167115903
1852,1857,0.39837852183018185,0.9606469002695418
1775,1777,0.398655410150468,0.9611859838274932
1251,1261,0.3999038334754914,0.9617250673854447
1082,1089,0.40018161981743106,0.9622641509433962
1846,1848,0.4028266035179513,0.9628032345013477
1623,1624,0.40454187024192834,0.9633423180592992
1736,1737,0.40515638484998817,0.9638814016172507
432,416,0.4075019335890602,0.9644204851752022
230,228,0.407647188878002,0.9649595687331537
673,626,0.40905858836765674,0.9654986522911051
1010,1018,0.4112772166109835,0.9660377358490566
1032,1031,0.41216369623316496,0.9665768194070081
1167,1176,0.4132175384593211,0.9671159029649595
1049,1055,0.41928721165390925,0.967654986522911
1552,1552,0.4194061347727711,0.9681940700808626
1122,1125,0.42765320853186495,0.9687331536388141
753,759,0.42893105074438154,0.9692722371967655
1007,1013,0.42912269924249813,0.969811320754717
1516,1527,0.4305053173691249,0.9703504043126685
50,58,0.4319206202575785,0.9708894878706199
1074,1081,0.4339162952658171,0.9714285714285714
1477,1482,0.4351610887492825,0.9719676549865229
243,252,0.43693140192903,0.9725067385444744
1744,1748,0.44112192468696776,0.9730458221024259
595,600,0.44147654690948457,0.9735849056603774
24,26,0.4425317892392826,0.9741239892183289
855,858,0.4440797375834791,0.9746630727762803
274,274,0.4457810915752134,0.9752021563342318
1058,1061,0.44803765516235217,0.9757412398921833
1318,1323,0.45019081499344793,0.9762803234501348
1081,1085,0.45163323842666614,0.9768194070080862
501,502,0.45582447106568225,0.9773584905660377
1132,1137,0.45682538676101103,0.9778975741239893
504,497,0.4574457542861978,0.9784366576819407
146,145,0.45854175750881154,0.9789757412398922
1253,1260,0.45963470746232815,0.9795148247978437
1766,1769,0.46218291495733865,0.9800539083557952
469,465,0.4683052575292095,0.9805929919137466
1496,1496,0.4703503643847853,0.9811320754716981
1805,1795,0.4703563981688603,0.9816711590296496
508,509,0.4710120576790473,0.982210242587601
163,165,0.4791384188323775,0.9827493261455525
721,716,0.47978848385184847,0.9832884097035041
1403,1417,0.480453489090678,0.9838274932614556
762,768,0.4817966622709946,0.984366576819407
414,419,0.48387001462589296,0.9849056603773585
1238,1246,0.49262356746135083,0.98544474393531
1475,1477,0.49384201587281495,0.9859838274932614
43,43,0.49435756629880245,0.9865229110512129
1373,1374,0.49560504763439894,0.9870619946091644
1556,1556,0.49611660809455316,0.987601078167116
1248,1240,0.49914174603213723,0.9881401617250674
372,375,0.49940011921688665,0.9886792452830189
1679,1685,0.5031693094133516,0.9892183288409704
559,518,0.5043498375405875,0.9897574123989218
622,623,0.5069776333618847,0.9902964959568733
859,864,0.5150403892985196,0.9908355795148248
1584,1586,0.5171308316912473,0.9913746630727763
510,517,0.5198246908817055,0.9919137466307277
1182,1185,0.5204356184501648,0.9924528301886792
1604,1609,0.5216074575350831,0.9929919137466308
35,9,0.533786128849771,0.9935309973045822
1179,1184,0.5352442502637587,0.9940700808625337
1728,1721,0.5429845623411893,0.9946091644204852
45,41,0.5430014844346758,0.9951482479784367
624,634,0.5431127630291712,0.9956873315363881
1639,1649,0.5437347957195016,0.9962264150943396
702,703,0.554357075925509,0.9967654986522911
1747,1754,0.5589308464941496,0.9973045822102425
606,609,0.5633652641230356,0.997843665768194
1607,1608,0.5640211316735986,0.9983827493261456
1401,1408,0.5754639474014311,0.9989218328840971
1377,1379,0.5959366020781545,0.9994609164420485
44,44,0.6474735482120977,1.0
