,Request Id,request_preemption_time,cdf
0,3,0.0,0.008403361344537815
1,1,0.0,0.01680672268907563
2,2,0.0,0.025210084033613446
3,0,0.0,0.03361344537815126
4,4,0.0,0.04201680672268908
5,5,0.0,0.05042016806722689
6,7,0.0,0.058823529411764705
7,6,0.0,0.06722689075630252
8,8,0.0,0.07563025210084033
9,11,0.0,0.08403361344537816
10,13,0.0,0.09243697478991597
11,10,0.0,0.10084033613445378
12,12,0.0,0.1092436974789916
13,9,0.0,0.11764705882352941
14,14,0.0,0.12605042016806722
15,15,0.0,0.13445378151260504
16,16,0.0,0.14285714285714285
17,17,0.0,0.15126050420168066
18,18,0.0,0.15966386554621848
19,19,0.0,0.16806722689075632
20,20,0.0,0.17647058823529413
21,21,0.0,0.18487394957983194
22,22,0.0,0.19327731092436976
23,23,0.0,0.20168067226890757
24,24,0.0,0.21008403361344538
25,25,0.0,0.2184873949579832
26,26,0.0,0.226890756302521
27,27,0.0,0.23529411764705882
28,28,0.0,0.24369747899159663
29,29,0.0,0.25210084033613445
30,30,0.0,0.2605042016806723
31,31,0.0,0.2689075630252101
32,32,0.0,0.2773109243697479
33,33,0.0,0.2857142857142857
34,34,0.0,0.29411764705882354
35,35,0.0,0.3025210084033613
36,36,0.0,0.31092436974789917
37,37,0.0,0.31932773109243695
38,38,0.0,0.3277310924369748
39,42,0.0,0.33613445378151263
40,41,0.0,0.3445378151260504
41,40,0.0,0.35294117647058826
42,43,0.0,0.36134453781512604
43,44,0.0,0.3697478991596639
44,46,0.0,0.37815126050420167
45,45,0.0,0.3865546218487395
46,49,0.0,0.3949579831932773
47,51,0.0,0.40336134453781514
48,52,0.0,0.4117647058823529
50,53,0.0,0.42016806722689076
51,50,0.0,0.42857142857142855
53,54,0.0,0.4369747899159664
54,55,0.0,0.44537815126050423
55,57,0.0,0.453781512605042
56,58,0.0,0.46218487394957986
57,48,0.0,0.47058823529411764
58,59,0.0,0.4789915966386555
59,56,0.0,0.48739495798319327
60,60,0.0,0.4957983193277311
61,61,0.0,0.5042016806722689
62,62,0.0,0.5126050420168067
63,63,0.0,0.5210084033613446
64,64,0.0,0.5294117647058824
65,65,0.0,0.5378151260504201
66,66,0.0,0.5462184873949579
67,67,0.0,0.5546218487394958
68,68,0.0,0.5630252100840336
69,69,0.0,0.5714285714285714
70,70,0.0,0.5798319327731093
71,71,0.0,0.5882352941176471
72,72,0.0,0.5966386554621849
73,73,0.0,0.6050420168067226
74,74,0.0,0.6134453781512605
75,76,0.0,0.6218487394957983
76,77,0.0,0.6302521008403361
77,78,0.0,0.6386554621848739
78,79,0.0,0.6470588235294118
79,80,0.0,0.6554621848739496
80,82,0.0,0.6638655462184874
81,81,0.0,0.6722689075630253
82,75,0.0,0.680672268907563
83,83,0.0,0.6890756302521008
84,84,0.0,0.6974789915966386
85,85,0.0,0.7058823529411765
86,86,0.0,0.7142857142857143
87,87,0.0,0.7226890756302521
88,89,0.0,0.7310924369747899
89,88,0.0,0.7394957983193278
90,90,0.0,0.7478991596638656
91,91,0.0,0.7563025210084033
92,92,0.0,0.7647058823529411
93,94,0.0,0.773109243697479
94,93,0.0,0.7815126050420168
95,95,0.0,0.7899159663865546
96,96,0.0,0.7983193277310925
97,97,0.0,0.8067226890756303
98,98,0.0,0.8151260504201681
99,100,0.0,0.8235294117647058
100,99,0.0,0.8319327731092437
101,101,0.0,0.8403361344537815
102,102,0.0,0.8487394957983193
103,103,0.0,0.8571428571428571
104,104,0.0,0.865546218487395
105,105,0.0,0.8739495798319328
106,106,0.0,0.8823529411764706
107,108,0.0,0.8907563025210085
108,109,0.0,0.8991596638655462
109,110,0.0,0.907563025210084
110,111,0.0,0.9159663865546218
111,113,0.0,0.9243697478991597
112,112,0.0,0.9327731092436975
113,114,0.0,0.9411764705882353
114,116,0.0,0.9495798319327731
115,117,0.0,0.957983193277311
116,118,0.0,0.9663865546218487
117,119,0.0,0.9747899159663865
118,120,0.0,0.9831932773109243
49,39,0.373793024286897,0.9915966386554622
52,47,79.40358845565493,1.0
